TF,Target,Label
12,232,1
12,206,1
12,463,1
12,98,1
12,246,1
12,470,1
12,520,1
12,8,1
12,326,1
12,278,1
12,578,1
12,691,1
12,472,1
12,374,1
12,182,1
12,488,1
12,308,1
12,466,1
12,441,1
12,341,1
12,409,1
12,309,1
12,346,1
12,139,1
12,191,1
12,333,1
12,248,1
12,386,1
12,665,1
12,610,1
12,376,1
12,516,1
12,325,1
12,299,1
12,646,1
12,648,1
12,176,1
12,28,1
12,286,1
12,631,1
12,498,1
12,302,1
12,297,1
12,189,1
12,442,1
12,537,1
12,492,1
12,86,1
12,118,1
12,236,1
12,39,1
12,556,1
12,239,1
12,106,1
12,359,1
12,629,1
12,388,1
12,186,1
12,108,1
12,170,1
12,517,1
12,344,1
12,184,1
12,25,1
12,158,1
12,74,1
12,640,1
12,574,1
12,628,1
12,351,1
12,145,1
12,125,1
12,535,1
12,387,1
12,282,1
12,214,1
12,622,1
12,314,1
12,510,1
12,604,1
12,205,1
12,565,1
12,87,1
12,353,1
12,572,1
12,132,1
12,293,1
12,597,1
12,101,1
12,226,1
12,521,1
12,375,1
12,671,1
12,40,1
12,664,1
12,425,1
12,112,1
12,337,1
12,352,1
12,433,1
12,473,1
12,650,1
12,354,1
12,207,1
12,84,1
12,126,1
12,494,1
12,103,1
12,561,1
12,105,1
12,530,1
12,10,1
12,137,1
12,80,1
12,221,1
12,467,1
12,36,1
12,357,1
12,569,1
12,71,1
12,164,1
12,201,1
12,362,1
12,546,1
12,73,1
12,356,1
12,231,1
12,410,1
12,450,1
12,331,1
12,617,1
12,222,1
12,413,1
12,162,1
12,215,1
12,480,1
12,358,1
12,639,1
12,676,1
12,111,1
12,558,1
12,372,1
12,364,1
12,532,1
12,153,1
12,497,1
12,149,1
12,446,1
12,96,1
12,179,1
12,536,1
12,289,1
12,368,1
12,438,1
12,172,1
12,427,1
12,511,1
12,448,1
12,210,1
12,19,1
12,78,1
12,412,1
12,275,1
12,384,1
12,262,1
12,265,1
12,642,1
12,616,1
12,257,1
12,584,1
12,95,1
12,397,1
12,479,1
12,656,1
12,570,1
12,45,1
12,4,1
12,500,1
12,165,1
12,157,1
12,27,1
12,345,1
12,254,1
12,203,1
12,68,1
12,680,1
12,107,1
12,185,1
12,35,1
12,202,1
12,14,1
12,366,1
12,168,1
12,175,1
12,212,1
12,383,1
12,518,1
12,513,1
12,198,1
12,677,1
12,216,1
12,102,1
12,489,1
12,195,1
12,100,1
12,377,1
12,690,1
12,391,1
12,686,1
12,241,1
12,294,1
12,508,1
12,647,1
12,64,1
12,600,1
12,347,1
12,582,1
12,395,1
12,316,1
12,33,1
12,55,1
12,634,1
12,83,1
12,174,1
12,534,1
12,506,1
12,455,1
12,53,1
12,579,1
12,669,1
12,274,1
12,670,1
12,224,1
12,23,1
12,667,1
12,197,1
12,44,1
12,127,1
12,194,1
12,92,1
12,476,1
12,595,1
12,240,1
12,332,1
12,199,1
12,605,1
12,681,1
12,522,1
12,370,1
12,259,1
12,524,1
12,402,1
12,94,1
12,588,1
12,417,1
12,7,1
12,428,1
12,251,1
12,618,1
12,515,1
12,661,1
12,598,1
12,626,1
12,75,1
12,444,1
12,81,1
12,235,1
12,445,1
12,451,1
12,651,1
12,31,1
12,41,1
12,267,1
12,307,1
12,462,1
12,211,1
12,630,1
12,499,1
12,142,1
12,548,1
12,514,1
12,458,1
12,304,1
12,421,1
12,420,1
12,571,1
12,245,1
12,398,1
12,495,1
12,487,1
12,429,1
12,217,1
12,625,1
12,602,1
12,649,1
12,614,1
12,689,1
12,52,1
12,283,1
12,663,1
12,258,1
12,380,1
12,553,1
12,272,1
12,61,1
12,134,1
12,415,1
12,329,1
12,47,1
12,91,1
12,653,1
12,437,1
12,252,1
12,580,1
12,196,1
12,589,1
12,613,1
12,361,1
12,596,1
12,128,1
12,16,1
12,512,1
12,348,1
12,682,1
12,599,1
12,592,1
12,453,1
12,130,1
12,89,1
12,593,1
12,117,1
12,5,1
12,295,1
12,363,1
12,465,1
12,151,1
12,200,1
12,114,1
12,131,1
12,619,1
12,156,1
12,484,1
12,612,1
12,49,1
12,641,1
12,204,1
12,261,1
12,523,1
12,269,1
12,452,1
12,321,1
12,340,1
12,273,1
12,637,1
12,219,1
12,396,1
12,585,1
12,129,1
12,315,1
12,666,1
12,490,1
12,424,1
12,562,1
12,373,1
12,603,1
12,469,1
12,439,1
12,575,1
12,477,1
12,292,1
12,568,1
12,655,1
12,301,1
12,526,1
12,190,1
12,365,1
12,560,1
12,447,1
12,160,1
12,485,1
12,393,1
12,51,1
12,79,1
12,342,1
12,627,1
12,400,1
12,242,1
12,124,1
12,163,1
12,43,1
12,150,1
12,339,1
12,683,1
12,50,1
12,367,1
12,32,1
12,460,1
12,268,1
12,121,1
12,552,1
12,343,1
12,260,1
12,271,1
12,355,1
12,285,1
12,566,1
12,611,1
12,539,1
12,389,1
12,538,1
12,313,1
12,423,1
12,62,1
12,188,1
12,542,1
12,586,1
12,334,1
12,227,1
12,323,1
12,120,1
12,531,1
12,183,1
12,218,1
12,577,1
12,624,1
12,404,1
12,21,1
12,48,1
12,280,1
12,3,1
12,567,1
12,270,1
12,519,1
12,319,1
12,18,1
12,11,1
12,440,1
12,483,1
12,97,1
12,287,1
12,382,1
12,454,1
12,58,1
12,674,1
12,378,1
12,687,1
12,623,1
12,180,1
12,659,1
12,431,1
12,76,1
12,545,1
12,233,1
12,138,1
12,169,1
12,544,1
12,171,1
12,459,1
12,688,1
12,2,1
165,247,1
165,520,1
165,411,1
165,559,1
165,292,1
165,645,1
165,312,1
165,182,1
165,524,1
165,213,1
165,417,1
165,585,1
165,565,1
165,409,1
165,22,1
165,307,1
165,174,1
165,666,1
165,209,1
165,43,1
165,539,1
165,0,1
165,77,1
165,404,1
165,654,1
165,136,1
165,127,1
165,226,1
165,337,1
165,468,1
165,469,1
165,424,1
165,521,1
165,385,1
165,601,1
165,142,1
165,661,1
165,2,1
165,581,1
165,636,1
165,529,1
165,478,1
165,64,1
165,527,1
165,569,1
165,295,1
165,420,1
165,379,1
165,331,1
165,508,1
165,464,1
165,240,1
165,615,1
165,369,1
165,535,1
165,179,1
165,515,1
165,677,1
165,250,1
165,680,1
165,304,1
165,262,1
165,374,1
165,496,1
165,438,1
165,268,1
165,330,1
165,414,1
165,51,1
165,169,1
165,610,1
165,630,1
165,617,1
165,388,1
165,161,1
165,16,1
165,526,1
165,263,1
165,477,1
165,8,1
165,329,1
165,63,1
165,360,1
165,269,1
165,107,1
165,335,1
165,587,1
165,376,1
165,208,1
165,638,1
165,431,1
165,445,1
165,340,1
165,688,1
165,123,1
165,603,1
165,606,1
165,230,1
165,323,1
165,439,1
165,313,1
165,47,1
165,563,1
165,449,1
165,484,1
165,453,1
165,271,1
165,29,1
165,452,1
165,233,1
165,462,1
165,57,1
165,148,1
165,120,1
165,14,1
165,88,1
165,667,1
165,644,1
165,242,1
165,546,1
165,275,1
165,474,1
165,486,1
165,391,1
165,117,1
165,407,1
165,175,1
165,241,1
165,201,1
165,219,1
165,67,1
165,658,1
165,382,1
165,510,1
165,298,1
165,36,1
165,434,1
165,463,1
165,319,1
165,280,1
165,202,1
165,513,1
165,543,1
165,101,1
165,122,1
165,502,1
165,278,1
165,145,1
165,501,1
165,509,1
165,173,1
165,121,1
165,657,1
165,150,1
165,542,1
165,370,1
165,18,1
165,205,1
165,216,1
165,276,1
165,163,1
165,168,1
165,345,1
165,281,1
165,13,1
165,381,1
165,457,1
165,326,1
165,143,1
165,612,1
165,354,1
165,339,1
165,687,1
165,627,1
165,637,1
165,531,1
165,93,1
165,549,1
165,45,1
165,596,1
165,258,1
165,392,1
165,195,1
165,441,1
165,1,1
165,367,1
165,423,1
165,506,1
165,225,1
165,575,1
165,593,1
165,448,1
165,61,1
165,27,1
165,505,1
165,480,1
165,358,1
165,359,1
165,160,1
165,332,1
165,598,1
165,62,1
165,444,1
165,333,1
165,577,1
165,138,1
165,128,1
165,196,1
165,60,1
165,482,1
165,114,1
165,190,1
165,203,1
165,536,1
165,665,1
165,246,1
165,655,1
165,494,1
165,352,1
165,32,1
165,619,1
165,599,1
165,390,1
165,450,1
165,600,1
165,257,1
165,189,1
165,670,1
165,315,1
165,248,1
165,297,1
165,92,1
165,343,1
165,572,1
165,249,1
165,607,1
165,578,1
165,20,1
165,157,1
165,622,1
165,152,1
165,413,1
165,153,1
165,325,1
165,23,1
165,532,1
165,683,1
189,671,1
189,309,1
189,186,1
189,158,1
189,164,1
189,498,1
189,516,1
189,604,1
189,382,1
189,629,1
189,441,1
189,150,1
189,182,1
189,631,1
189,518,1
189,241,1
189,665,1
189,176,1
189,384,1
189,354,1
189,261,1
189,217,1
189,246,1
189,132,1
189,469,1
189,689,1
189,489,1
189,204,1
189,497,1
189,327,1
189,68,1
189,571,1
189,640,1
189,142,1
189,578,1
189,170,1
189,492,1
189,74,1
189,363,1
189,308,1
189,437,1
189,450,1
189,618,1
189,39,1
189,445,1
189,273,1
189,520,1
189,274,1
189,302,1
189,40,1
189,11,1
189,574,1
189,108,1
189,561,1
189,455,1
189,149,1
189,438,1
189,446,1
189,332,1
189,299,1
189,25,1
189,76,1
189,472,1
189,101,1
189,418,1
189,102,1
189,588,1
189,495,1
189,420,1
189,212,1
189,326,1
189,311,1
189,470,1
189,118,1
189,60,1
189,12,1
189,106,1
189,160,1
189,224,1
189,387,1
189,616,1
189,231,1
189,556,1
189,172,1
189,375,1
189,185,1
189,479,1
189,333,1
189,566,1
189,297,1
189,553,1
189,656,1
189,517,1
189,647,1
189,8,1
189,316,1
189,135,1
189,184,1
189,530,1
189,270,1
189,188,1
189,69,1
189,595,1
189,341,1
189,676,1
189,103,1
189,572,1
189,96,1
189,466,1
189,226,1
189,286,1
189,191,1
189,283,1
189,248,1
189,413,1
189,661,1
189,681,1
189,435,1
189,424,1
189,393,1
189,605,1
189,53,1
189,621,1
189,602,1
189,137,1
189,567,1
189,346,1
189,35,1
189,165,1
189,45,1
189,28,1
189,245,1
189,487,1
189,421,1
189,139,1
189,540,1
189,583,1
189,558,1
189,114,1
189,522,1
189,105,1
189,258,1
189,598,1
189,361,1
189,310,1
189,537,1
189,52,1
189,442,1
189,125,1
189,649,1
189,334,1
189,364,1
189,351,1
189,368,1
189,473,1
189,265,1
189,353,1
189,4,1
189,268,1
189,344,1
189,409,1
189,54,1
189,10,1
189,548,1
189,282,1
189,257,1
189,379,1
189,50,1
189,648,1
189,376,1
189,279,1
189,451,1
189,210,1
189,508,1
189,71,1
189,664,1
189,667,1
189,467,1
189,26,1
189,519,1
189,410,1
189,345,1
189,373,1
189,627,1
189,515,1
189,576,1
189,655,1
189,83,1
189,511,1
189,433,1
189,130,1
189,358,1
189,98,1
189,94,1
189,444,1
189,506,1
189,538,1
189,174,1
189,569,1
189,91,1
189,107,1
189,262,1
189,36,1
189,460,1
189,80,1
189,95,1
189,383,1
189,477,1
189,201,1
189,239,1
189,87,1
189,335,1
189,48,1
189,570,1
189,126,1
189,131,1
189,293,1
189,642,1
189,33,1
189,536,1
189,586,1
189,221,1
189,579,1
189,325,1
189,104,1
189,337,1
189,546,1
189,112,1
189,129,1
189,329,1
523,255,1
523,453,1
523,391,1
523,513,1
523,683,1
523,81,1
523,246,1
523,321,1
523,438,1
523,423,1
523,395,1
523,286,1
523,508,1
523,646,1
523,556,1
523,498,1
523,204,1
523,189,1
523,124,1
523,4,1
523,357,1
523,530,1
523,364,1
523,419,1
523,325,1
523,667,1
523,101,1
523,36,1
523,149,1
523,173,1
523,257,1
523,404,1
523,622,1
523,309,1
523,610,1
523,384,1
523,335,1
523,379,1
523,397,1
523,367,1
523,477,1
523,333,1
523,221,1
523,630,1
523,346,1
523,153,1
523,370,1
523,582,1
523,626,1
523,555,1
523,281,1
523,118,1
523,205,1
523,272,1
523,86,1
523,618,1
523,14,1
523,455,1
523,484,1
523,664,1
523,385,1
523,554,1
523,241,1
523,157,1
523,616,1
523,535,1
523,269,1
523,226,1
523,227,1
523,261,1
523,42,1
523,297,1
523,425,1
523,288,1
523,380,1
523,296,1
523,314,1
523,398,1
523,186,1
523,578,1
523,170,1
523,412,1
523,650,1
523,689,1
523,516,1
523,47,1
523,462,1
523,199,1
523,72,1
523,532,1
523,206,1
523,289,1
523,522,1
523,8,1
523,172,1
523,458,1
523,483,1
523,225,1
523,441,1
523,580,1
523,590,1
523,627,1
523,175,1
523,282,1
523,35,1
523,540,1
523,536,1
523,676,1
523,135,1
523,315,1
523,115,1
523,54,1
523,472,1
523,451,1
523,669,1
523,366,1
523,254,1
523,382,1
523,1,1
523,262,1
523,89,1
523,208,1
523,446,1
523,604,1
523,480,1
523,311,1
523,496,1
523,504,1
523,383,1
523,629,1
523,497,1
523,39,1
523,634,1
523,500,1
523,649,1
523,196,1
523,665,1
523,677,1
523,11,1
523,356,1
523,268,1
523,466,1
523,558,1
523,291,1
523,214,1
523,637,1
523,165,1
523,561,1
523,386,1
523,358,1
523,600,1
523,185,1
523,304,1
523,138,1
523,212,1
523,405,1
523,84,1
523,524,1
523,146,1
523,494,1
523,374,1
523,80,1
523,501,1
523,482,1
523,274,1
523,440,1
523,6,1
523,562,1
523,210,1
523,407,1
523,655,1
523,342,1
523,628,1
523,184,1
523,97,1
523,571,1
523,323,1
523,543,1
523,120,1
523,176,1
523,478,1
523,675,1
523,413,1
523,92,1
523,563,1
523,559,1
523,163,1
523,276,1
523,202,1
523,152,1
523,572,1
523,85,1
523,448,1
523,332,1
523,564,1
523,111,1
523,545,1
523,158,1
523,195,1
523,549,1
523,392,1
523,596,1
523,27,1
523,164,1
523,132,1
523,465,1
523,95,1
523,450,1
523,331,1
523,40,1
523,211,1
523,98,1
523,642,1
523,671,1
523,515,1
523,631,1
523,605,1
523,569,1
523,292,1
523,475,1
523,588,1
523,417,1
523,100,1
523,350,1
523,316,1
523,359,1
523,577,1
523,682,1
523,495,1
523,12,1
523,415,1
523,245,1
523,188,1
523,71,1
523,330,1
523,351,1
523,474,1
523,473,1
523,194,1
523,238,1
523,248,1
523,2,1
523,491,1
523,640,1
523,258,1
523,505,1
523,387,1
523,428,1
523,329,1
523,56,1
523,144,1
523,73,1
523,106,1
523,62,1
523,217,1
523,203,1
523,21,1
523,134,1
523,641,1
523,570,1
523,375,1
523,129,1
523,593,1
523,613,1
523,625,1
523,660,1
523,410,1
523,581,1
523,636,1
523,109,1
523,123,1
523,83,1
523,624,1
523,179,1
523,680,1
523,681,1
523,273,1
523,690,1
523,78,1
523,534,1
523,53,1
523,29,1
523,148,1
523,23,1
523,653,1
523,377,1
523,381,1
523,121,1
523,514,1
523,488,1
523,200,1
523,230,1
523,390,1
523,369,1
523,48,1
523,145,1
523,67,1
523,518,1
523,464,1
523,521,1
523,68,1
523,122,1
523,168,1
523,568,1
523,352,1
523,198,1
523,589,1
523,20,1
523,127,1
523,647,1
523,51,1
523,228,1
523,3,1
523,218,1
523,267,1
523,66,1
523,373,1
523,13,1
523,463,1
523,424,1
523,585,1
523,403,1
523,30,1
523,93,1
523,294,1
523,595,1
523,599,1
523,433,1
523,691,1
523,531,1
523,476,1
523,544,1
523,312,1
523,551,1
523,362,1
523,429,1
523,174,1
523,295,1
523,527,1
523,469,1
523,565,1
523,526,1
523,64,1
523,38,1
523,63,1
523,117,1
523,620,1
523,114,1
523,666,1
523,278,1
523,265,1
523,31,1
523,275,1
523,25,1
523,552,1
523,368,1
523,57,1
523,553,1
523,242,1
523,542,1
523,141,1
523,169,1
523,32,1
523,280,1
523,60,1
523,52,1
523,136,1
523,436,1
523,597,1
523,222,1
523,503,1
523,259,1
523,61,1
523,452,1
523,322,1
523,107,1
523,215,1
523,439,1
523,611,1
523,345,1
523,621,1
523,167,1
523,182,1
523,659,1
523,510,1
523,409,1
523,361,1
523,327,1
523,105,1
523,492,1
523,5,1
523,19,1
523,16,1
523,190,1
523,45,1
523,376,1
523,606,1
523,587,1
523,432,1
523,431,1
523,509,1
523,648,1
523,298,1
523,575,1
523,687,1
523,612,1
523,343,1
523,529,1
523,232,1
523,216,1
523,603,1
523,33,1
523,79,1
523,459,1
523,355,1
523,400,1
523,137,1
523,340,1
523,96,1
523,548,1
523,592,1
523,77,1
523,661,1
523,233,1
523,520,1
523,326,1
523,546,1
523,416,1
523,674,1
523,219,1
523,90,1
523,396,1
523,656,1
523,445,1
523,490,1
523,240,1
523,685,1
523,541,1
523,244,1
523,317,1
523,414,1
523,260,1
523,209,1
523,88,1
523,310,1
523,457,1
523,160,1
523,271,1
523,159,1
523,112,1
523,236,1
523,339,1
523,487,1
523,82,1
523,128,1
523,139,1
523,468,1
523,58,1
523,266,1
523,119,1
523,614,1
523,485,1
523,686,1
523,263,1
523,454,1
523,293,1
523,65,1
523,313,1
523,224,1
523,479,1
523,336,1
523,372,1
523,657,1
523,252,1
523,147,1
523,602,1
523,502,1
523,191,1
523,18,1
523,247,1
415,241,1
415,94,1
415,153,1
415,671,1
415,677,1
415,524,1
415,532,1
415,129,1
415,445,1
415,254,1
415,470,1
415,388,1
415,618,1
415,629,1
415,246,1
415,398,1
415,257,1
415,390,1
415,12,1
415,556,1
415,628,1
415,455,1
415,8,1
415,498,1
415,14,1
415,127,1
415,98,1
415,333,1
415,466,1
415,610,1
415,151,1
415,286,1
415,83,1
415,170,1
415,665,1
415,605,1
415,651,1
415,453,1
415,604,1
415,36,1
415,623,1
415,472,1
415,565,1
415,106,1
415,467,1
415,642,1
415,495,1
415,260,1
415,690,1
415,226,1
415,451,1
415,420,1
415,346,1
415,584,1
415,191,1
415,108,1
415,386,1
415,121,1
415,312,1
381,333,1
381,206,1
381,604,1
381,207,1
381,241,1
381,667,1
381,111,1
381,664,1
381,669,1
381,232,1
381,302,1
381,631,1
381,610,1
381,270,1
381,102,1
381,370,1
381,255,1
381,467,1
381,105,1
381,1,1
381,126,1
381,556,1
381,334,1
381,498,1
381,346,1
381,617,1
381,80,1
381,314,1
381,45,1
381,388,1
381,488,1
381,222,1
381,331,1
381,125,1
381,513,1
381,98,1
381,374,1
381,295,1
381,184,1
381,106,1
381,21,1
381,357,1
381,87,1
381,248,1
381,292,1
381,574,1
381,656,1
381,195,1
381,492,1
381,629,1
381,400,1
381,189,1
381,682,1
381,680,1
381,499,1
381,286,1
381,68,1
381,219,1
381,247,1
381,132,1
381,213,1
381,618,1
381,655,1
381,157,1
381,39,1
381,541,1
381,376,1
381,130,1
381,391,1
381,584,1
381,251,1
381,282,1
381,366,1
381,462,1
381,351,1
381,582,1
381,168,1
381,203,1
381,472,1
381,259,1
381,519,1
381,681,1
381,524,1
381,639,1
381,407,1
381,563,1
381,691,1
381,297,1
381,326,1
381,103,1
381,204,1
381,478,1
381,368,1
381,273,1
381,577,1
381,437,1
381,294,1
381,287,1
381,689,1
381,72,1
381,409,1
381,554,1
381,146,1
381,221,1
381,201,1
381,272,1
381,258,1
381,7,1
381,518,1
381,676,1
381,185,1
381,246,1
381,152,1
381,562,1
381,622,1
381,279,1
381,561,1
381,597,1
381,325,1
381,250,1
381,648,1
381,92,1
381,332,1
381,236,1
381,460,1
381,365,1
381,299,1
381,375,1
381,626,1
381,358,1
381,373,1
381,444,1
381,463,1
381,580,1
381,446,1
381,262,1
381,595,1
381,642,1
381,288,1
381,148,1
381,239,1
381,12,1
381,625,1
381,4,1
381,588,1
381,441,1
381,74,1
381,572,1
381,275,1
381,91,1
381,579,1
381,418,1
381,421,1
381,393,1
381,254,1
381,118,1
381,89,1
381,690,1
381,466,1
381,170,1
381,404,1
381,497,1
381,570,1
381,390,1
381,153,1
381,438,1
381,509,1
381,425,1
381,453,1
381,484,1
381,58,1
381,523,1
381,450,1
381,451,1
381,508,1
381,659,1
381,308,1
381,630,1
381,429,1
381,623,1
381,261,1
381,454,1
381,515,1
381,62,1
381,649,1
381,289,1
381,339,1
381,315,1
381,95,1
381,114,1
381,309,1
381,226,1
381,36,1
381,686,1
381,543,1
381,559,1
381,78,1
381,214,1
381,410,1
381,142,1
381,194,1
381,321,1
381,485,1
381,412,1
381,107,1
381,491,1
381,67,1
381,455,1
381,654,1
381,304,1
381,483,1
381,500,1
381,345,1
381,149,1
381,489,1
381,482,1
381,167,1
381,616,1
381,343,1
381,535,1
381,8,1
381,186,1
381,347,1
381,516,1
381,2,1
381,457,1
381,364,1
381,319,1
381,384,1
381,398,1
381,677,1
381,432,1
381,337,1
381,553,1
381,53,1
381,216,1
381,468,1
381,176,1
381,97,1
381,602,1
381,651,1
381,613,1
381,628,1
381,383,1
381,403,1
381,413,1
381,90,1
381,181,1
381,593,1
381,600,1
381,458,1
381,637,1
381,540,1
381,123,1
381,169,1
381,224,1
381,278,1
381,665,1
381,164,1
381,84,1
381,592,1
381,558,1
381,536,1
381,210,1
381,382,1
381,445,1
381,439,1
381,363,1
381,469,1
381,459,1
381,635,1
381,380,1
381,172,1
381,555,1
381,590,1
381,199,1
381,490,1
381,660,1
381,372,1
381,578,1
381,265,1
381,30,1
381,505,1
381,271,1
381,215,1
381,605,1
381,671,1
381,465,1
381,480,1
381,128,1
381,470,1
381,274,1
381,564,1
381,657,1
381,42,1
381,208,1
381,217,1
381,354,1
381,61,1
381,386,1
381,136,1
381,514,1
381,124,1
381,311,1
381,122,1
381,522,1
381,11,1
381,606,1
381,260,1
381,225,1
381,548,1
381,448,1
381,633,1
381,81,1
381,269,1
381,486,1
381,69,1
381,200,1
381,160,1
381,447,1
381,565,1
381,257,1
381,428,1
381,163,1
381,177,1
381,474,1
381,598,1
381,202,1
381,14,1
381,121,1
381,473,1
381,356,1
381,520,1
381,244,1
381,420,1
381,634,1
381,599,1
381,173,1
381,73,1
381,56,1
381,227,1
381,360,1
381,506,1
381,86,1
381,127,1
381,316,1
381,205,1
381,503,1
381,228,1
381,546,1
381,212,1
381,137,1
381,620,1
381,424,1
381,267,1
381,296,1
381,329,1
381,280,1
381,240,1
381,266,1
381,135,1
381,312,1
381,198,1
381,6,1
381,532,1
381,52,1
381,51,1
381,456,1
381,662,1
381,646,1
381,494,1
381,13,1
381,640,1
381,475,1
381,158,1
381,93,1
381,35,1
381,397,1
381,442,1
381,182,1
381,27,1
381,396,1
381,544,1
381,415,1
381,47,1
381,83,1
381,545,1
381,571,1
381,369,1
381,335,1
381,134,1
381,145,1
381,464,1
381,367,1
381,581,1
381,636,1
381,245,1
381,552,1
381,419,1
381,323,1
381,568,1
381,46,1
381,641,1
381,190,1
381,16,1
381,109,1
499,214,1
499,604,1
499,397,1
499,289,1
499,492,1
499,98,1
499,137,1
499,561,1
499,463,1
499,270,1
499,138,1
499,574,1
499,438,1
499,556,1
499,446,1
499,309,1
499,623,1
499,282,1
499,162,1
499,520,1
499,206,1
499,382,1
499,212,1
499,579,1
499,585,1
499,607,1
499,331,1
499,583,1
499,334,1
499,222,1
499,321,1
499,647,1
499,387,1
499,661,1
499,100,1
499,248,1
499,470,1
499,357,1
499,535,1
499,40,1
499,551,1
499,424,1
499,298,1
499,170,1
499,279,1
499,384,1
499,526,1
499,8,1
499,441,1
499,14,1
499,421,1
499,425,1
499,191,1
499,415,1
499,634,1
499,246,1
499,629,1
499,302,1
499,72,1
499,124,1
499,503,1
499,361,1
499,439,1
499,275,1
499,420,1
499,466,1
499,164,1
499,578,1
499,267,1
499,19,1
499,605,1
499,299,1
499,194,1
499,617,1
499,358,1
499,676,1
499,508,1
499,474,1
499,118,1
499,431,1
499,472,1
499,494,1
499,665,1
499,149,1
499,53,1
499,221,1
499,344,1
499,462,1
499,380,1
499,58,1
499,125,1
499,393,1
499,42,1
499,39,1
499,500,1
499,565,1
499,442,1
499,132,1
499,386,1
499,618,1
499,232,1
499,332,1
499,410,1
499,204,1
499,290,1
499,486,1
499,78,1
499,610,1
499,621,1
499,524,1
499,242,1
499,682,1
499,598,1
499,527,1
499,346,1
499,241,1
499,226,1
499,111,1
499,423,1
499,73,1
499,580,1
499,376,1
499,345,1
499,21,1
499,480,1
499,460,1
499,300,1
499,326,1
499,254,1
499,509,1
499,576,1
499,10,1
499,489,1
499,89,1
499,286,1
499,640,1
499,498,1
499,497,1
499,327,1
499,628,1
499,389,1
499,523,1
499,240,1
499,84,1
499,653,1
499,450,1
499,107,1
499,74,1
499,68,1
499,333,1
499,586,1
499,274,1
499,479,1
499,198,1
499,176,1
499,588,1
499,135,1
499,630,1
499,671,1
420,189,1
420,387,1
420,246,1
420,206,1
420,441,1
420,689,1
420,536,1
420,172,1
420,80,1
420,107,1
420,101,1
420,574,1
420,125,1
420,139,1
420,618,1
420,278,1
420,368,1
420,258,1
420,463,1
420,356,1
420,333,1
420,498,1
420,341,1
420,585,1
420,191,1
420,83,1
420,124,1
420,286,1
420,321,1
420,221,1
420,293,1
420,467,1
420,497,1
420,332,1
420,580,1
420,479,1
420,400,1
420,297,1
420,450,1
420,473,1
420,61,1
420,201,1
420,433,1
420,648,1
420,204,1
420,132,1
420,520,1
420,98,1
420,637,1
420,588,1
420,598,1
420,4,1
420,92,1
420,236,1
420,676,1
420,602,1
420,518,1
420,370,1
420,558,1
420,267,1
420,393,1
420,309,1
420,164,1
420,595,1
420,466,1
420,346,1
420,103,1
420,8,1
420,177,1
420,181,1
420,299,1
420,472,1
420,532,1
420,596,1
420,553,1
420,86,1
420,39,1
420,314,1
420,354,1
420,241,1
420,458,1
420,665,1
420,170,1
420,226,1
420,45,1
420,106,1
420,635,1
420,535,1
420,182,1
420,331,1
420,10,1
420,524,1
420,390,1
420,337,1
420,513,1
420,667,1
420,384,1
420,197,1
420,231,1
420,203,1
420,492,1
420,373,1
420,683,1
420,88,1
420,36,1
420,33,1
420,409,1
420,364,1
420,647,1
420,691,1
420,359,1
420,262,1
420,499,1
420,282,1
420,89,1
420,438,1
420,84,1
420,95,1
420,344,1
420,326,1
420,470,1
420,508,1
420,276,1
420,325,1
420,70,1
420,383,1
420,302,1
420,179,1
420,270,1
420,386,1
420,74,1
420,162,1
420,437,1
420,427,1
420,655,1
420,646,1
420,102,1
420,176,1
420,656,1
420,11,1
420,7,1
420,582,1
420,51,1
420,626,1
420,52,1
420,212,1
420,451,1
420,91,1
420,398,1
420,548,1
420,456,1
420,634,1
420,366,1
420,686,1
420,96,1
420,538,1
420,121,1
420,14,1
420,131,1
420,308,1
420,453,1
420,40,1
420,537,1
420,137,1
420,216,1
420,500,1
420,671,1
420,569,1
420,265,1
420,35,1
420,410,1
420,112,1
420,19,1
420,357,1
420,283,1
420,521,1
420,685,1
420,627,1
420,469,1
420,397,1
420,586,1
420,604,1
420,599,1
420,27,1
420,307,1
420,294,1
420,351,1
420,12,1
420,402,1
420,17,1
420,629,1
420,274,1
420,81,1
420,71,1
420,217,1
420,388,1
420,254,1
420,362,1
420,358,1
420,142,1
420,610,1
420,464,1
420,412,1
420,118,1
420,642,1
420,184,1
420,300,1
420,487,1
420,578,1
420,680,1
420,134,1
420,224,1
420,605,1
420,342,1
420,415,1
420,350,1
420,347,1
420,210,1
420,375,1
420,352,1
420,242,1
420,372,1
420,105,1
420,690,1
420,681,1
420,561,1
420,675,1
420,661,1
420,489,1
420,48,1
420,682,1
420,158,1
420,669,1
420,153,1
420,339,1
420,495,1
420,249,1
420,157,1
420,160,1
420,186,1
420,571,1
420,462,1
420,289,1
420,228,1
420,215,1
420,446,1
420,376,1
420,603,1
420,622,1
420,526,1
420,444,1
420,385,1
420,104,1
420,345,1
420,214,1
420,108,1
420,100,1
420,260,1
420,664,1
420,465,1
420,565,1
420,259,1
420,145,1
420,600,1
420,47,1
420,424,1
420,261,1
420,522,1
420,649,1
420,455,1
420,439,1
420,379,1
420,570,1
420,62,1
420,546,1
420,232,1
420,245,1
420,268,1
420,149,1
420,240,1
420,54,1
420,171,1
420,510,1
420,429,1
420,304,1
420,407,1
420,211,1
420,474,1
420,219,1
420,476,1
420,248,1
420,68,1
420,396,1
420,205,1
420,223,1
420,575,1
420,279,1
420,67,1
420,516,1
420,25,1
420,519,1
420,18,1
420,619,1
420,198,1
420,348,1
420,566,1
420,597,1
420,625,1
420,50,1
420,129,1
420,169,1
420,631,1
420,650,1
420,611,1
420,377,1
420,511,1
420,250,1
420,227,1
420,515,1
420,431,1
420,592,1
420,442,1
420,28,1
420,275,1
420,76,1
420,640,1
420,94,1
420,363,1
420,175,1
420,428,1
420,361,1
420,628,1
420,584,1
420,530,1
420,222,1
420,78,1
420,568,1
420,188,1
420,593,1
420,55,1
420,41,1
420,127,1
420,126,1
420,445,1
420,322,1
420,93,1
420,556,1
420,654,1
420,413,1
420,448,1
420,523,1
420,97,1
420,616,1
420,273,1
420,621,1
420,425,1
420,488,1
420,674,1
420,135,1
420,353,1
420,506,1
420,238,1
420,295,1
420,185,1
420,64,1
420,199,1
420,421,1
420,394,1
420,549,1
420,639,1
420,166,1
420,138,1
420,44,1
420,484,1
420,572,1
420,579,1
420,165,1
420,340,1
420,85,1
420,21,1
420,389,1
420,435,1
420,190,1
420,527,1
420,417,1
420,687,1
420,677,1
420,316,1
420,23,1
420,163,1
420,239,1
420,271,1
420,391,1
420,490,1
420,114,1
420,517,1
420,504,1
420,151,1
420,612,1
420,174,1
420,567,1
420,666,1
420,503,1
420,109,1
420,380,1
420,577,1
420,552,1
420,378,1
420,589,1
420,13,1
420,416,1
420,452,1
420,247,1
420,272,1
420,6,1
420,641,1
420,257,1
420,653,1
420,382,1
420,280,1
420,606,1
420,147,1
420,180,1
420,662,1
420,195,1
420,301,1
420,583,1
420,374,1
420,168,1
420,334,1
420,544,1
420,468,1
420,194,1
420,477,1
420,173,1
420,540,1
420,663,1
420,310,1
420,130,1
420,2,1
420,343,1
420,235,1
420,486,1
420,601,1
420,53,1
420,148,1
420,533,1
420,43,1
420,156,1
420,311,1
420,534,1
420,136,1
420,128,1
420,79,1
420,614,1
420,87,1
420,49,1
420,617,1
420,315,1
420,501,1
420,454,1
420,688,1
420,613,1
420,144,1
420,531,1
420,200,1
420,620,1
420,562,1
431,385,1
431,416,1
431,421,1
431,231,1
431,586,1
431,418,1
431,400,1
431,72,1
431,35,1
431,162,1
431,579,1
431,242,1
431,26,1
431,366,1
431,254,1
431,441,1
431,507,1
431,568,1
431,463,1
431,267,1
431,268,1
431,189,1
431,4,1
431,258,1
431,70,1
431,408,1
431,85,1
431,351,1
431,519,1
431,471,1
431,530,1
431,437,1
431,402,1
431,424,1
431,69,1
431,102,1
431,574,1
431,464,1
431,108,1
431,467,1
431,664,1
431,33,1
431,398,1
431,454,1
431,538,1
431,142,1
431,583,1
431,552,1
431,435,1
431,567,1
431,602,1
431,450,1
431,39,1
431,420,1
431,219,1
431,492,1
431,265,1
431,246,1
431,600,1
431,171,1
431,489,1
431,509,1
431,487,1
431,323,1
431,578,1
431,110,1
431,634,1
431,598,1
431,44,1
431,200,1
431,236,1
431,520,1
431,125,1
431,682,1
431,107,1
431,223,1
431,101,1
431,344,1
431,315,1
431,506,1
431,74,1
431,16,1
431,350,1
431,383,1
431,342,1
431,215,1
431,302,1
431,309,1
431,332,1
431,118,1
431,647,1
431,104,1
431,484,1
431,361,1
431,54,1
431,393,1
431,455,1
431,410,1
431,226,1
431,148,1
431,333,1
431,180,1
431,109,1
431,472,1
431,651,1
431,139,1
431,499,1
431,508,1
431,448,1
431,177,1
431,181,1
431,126,1
431,241,1
431,535,1
431,630,1
431,188,1
431,460,1
431,326,1
431,76,1
431,130,1
431,629,1
431,132,1
431,25,1
431,170,1
431,197,1
431,512,1
431,422,1
431,331,1
431,18,1
431,79,1
431,249,1
431,48,1
431,184,1
431,300,1
431,370,1
431,498,1
431,51,1
431,590,1
431,363,1
431,12,1
431,621,1
431,625,1
431,394,1
431,681,1
431,540,1
431,175,1
431,47,1
431,582,1
431,518,1
431,271,1
431,546,1
431,353,1
431,150,1
431,279,1
431,311,1
431,141,1
431,297,1
431,248,1
431,183,1
431,325,1
431,50,1
431,137,1
431,468,1
431,643,1
431,43,1
431,497,1
431,576,1
431,382,1
431,470,1
431,570,1
431,100,1
431,631,1
431,665,1
431,479,1
431,347,1
431,387,1
431,86,1
431,523,1
431,301,1
431,21,1
431,360,1
431,121,1
464,451,1
464,567,1
464,411,1
382,3,1
382,69,1
382,334,1
382,18,1
382,395,1
382,611,1
382,463,1
382,10,1
382,403,1
382,74,1
382,460,1
382,8,1
382,267,1
382,198,1
382,396,1
382,26,1
382,326,1
382,498,1
382,361,1
382,270,1
382,510,1
382,427,1
382,219,1
382,164,1
382,261,1
382,130,1
382,78,1
382,490,1
382,467,1
382,314,1
382,311,1
382,167,1
382,667,1
382,206,1
382,208,1
382,515,1
382,293,1
382,386,1
382,81,1
382,241,1
382,410,1
382,302,1
382,438,1
382,424,1
382,392,1
382,559,1
382,492,1
382,384,1
382,286,1
382,108,1
382,95,1
382,681,1
382,598,1
382,333,1
382,127,1
382,248,1
382,370,1
382,299,1
382,31,1
382,527,1
382,442,1
382,100,1
382,398,1
382,465,1
382,162,1
382,376,1
382,407,1
382,98,1
382,454,1
382,574,1
382,665,1
382,5,1
382,36,1
382,102,1
382,6,1
382,629,1
382,518,1
382,238,1
382,71,1
382,519,1
382,357,1
382,683,1
382,466,1
382,157,1
382,204,1
382,650,1
382,172,1
382,415,1
382,214,1
382,520,1
382,346,1
382,1,1
382,661,1
382,196,1
382,604,1
382,556,1
382,374,1
382,561,1
382,125,1
382,511,1
382,321,1
382,273,1
382,576,1
382,430,1
382,224,1
382,83,1
382,553,1
382,435,1
382,254,1
382,383,1
382,276,1
382,313,1
382,487,1
382,173,1
382,323,1
382,177,1
382,450,1
382,345,1
382,174,1
382,494,1
382,582,1
382,513,1
382,488,1
382,472,1
382,484,1
382,80,1
382,640,1
382,526,1
382,341,1
382,690,1
382,250,1
382,236,1
382,319,1
382,676,1
382,622,1
382,246,1
382,625,1
382,64,1
382,619,1
382,45,1
382,40,1
382,186,1
382,602,1
382,189,1
382,150,1
382,218,1
382,397,1
382,325,1
382,180,1
382,21,1
382,649,1
382,205,1
382,569,1
382,33,1
382,483,1
382,73,1
382,158,1
382,524,1
382,509,1
382,469,1
382,584,1
382,309,1
382,462,1
382,421,1
382,89,1
382,274,1
382,199,1
382,455,1
382,188,1
382,477,1
382,535,1
382,614,1
382,14,1
382,373,1
382,132,1
382,91,1
382,279,1
382,84,1
382,388,1
382,118,1
382,344,1
382,343,1
382,300,1
382,149,1
382,226,1
382,429,1
382,646,1
382,35,1
382,281,1
382,363,1
382,260,1
382,53,1
382,506,1
382,137,1
382,445,1
382,330,1
382,485,1
382,669,1
382,54,1
382,671,1
382,595,1
382,562,1
382,200,1
382,332,1
382,257,1
382,497,1
382,393,1
382,12,1
382,185,1
382,176,1
382,375,1
382,628,1
382,165,1
382,175,1
382,451,1
382,269,1
382,567,1
382,184,1
382,168,1
382,87,1
382,437,1
382,2,1
382,212,1
382,70,1
382,112,1
382,441,1
382,221,1
382,23,1
382,653,1
382,634,1
382,61,1
382,600,1
382,101,1
382,225,1
382,480,1
382,499,1
382,44,1
382,390,1
382,631,1
382,457,1
382,516,1
382,585,1
382,433,1
382,258,1
382,354,1
382,368,1
382,315,1
382,207,1
382,420,1
382,289,1
382,271,1
382,119,1
382,538,1
382,546,1
382,425,1
382,135,1
382,654,1
382,202,1
382,413,1
382,106,1
382,275,1
382,610,1
382,616,1
382,504,1
382,28,1
382,449,1
382,25,1
382,92,1
382,583,1
382,580,1
382,596,1
382,473,1
382,282,1
382,142,1
382,680,1
382,170,1
382,412,1
382,508,1
382,599,1
382,440,1
382,536,1
382,642,1
382,39,1
382,400,1
382,554,1
382,114,1
382,534,1
382,156,1
382,586,1
382,280,1
382,558,1
382,217,1
382,377,1
382,532,1
382,677,1
382,42,1
382,121,1
382,210,1
382,428,1
382,523,1
382,380,1
382,613,1
382,530,1
382,169,1
382,245,1
382,432,1
382,337,1
382,409,1
382,105,1
382,232,1
382,571,1
382,565,1
382,103,1
382,366,1
382,107,1
382,359,1
382,247,1
382,436,1
382,446,1
382,292,1
382,589,1
382,201,1
382,339,1
382,191,1
382,335,1
382,369,1
382,605,1
382,94,1
382,249,1
382,578,1
382,297,1
382,222,1
382,67,1
382,126,1
382,418,1
382,540,1
382,96,1
382,182,1
382,203,1
382,223,1
382,329,1
382,408,1
382,124,1
382,572,1
382,575,1
382,691,1
382,272,1
382,68,1
382,657,1
382,62,1
382,687,1
382,190,1
382,406,1
382,496,1
382,317,1
382,447,1
382,290,1
382,422,1
382,439,1
382,153,1
382,22,1
382,72,1
382,90,1
382,312,1
382,405,1
382,391,1
382,358,1
382,458,1
382,630,1
382,666,1
382,464,1
382,30,1
382,635,1
382,541,1
382,342,1
382,387,1
382,117,1
382,500,1
382,364,1
121,68,1
121,358,1
121,689,1
121,629,1
121,518,1
121,272,1
121,314,1
121,578,1
121,333,1
121,40,1
121,316,1
121,309,1
121,681,1
121,1,1
121,149,1
121,446,1
121,387,1
121,98,1
121,297,1
121,100,1
121,450,1
121,631,1
121,530,1
121,186,1
121,375,1
121,246,1
121,380,1
121,616,1
121,649,1
121,676,1
121,383,1
121,384,1
121,325,1
121,153,1
121,221,1
121,667,1
121,582,1
121,185,1
121,129,1
121,526,1
121,184,1
121,176,1
121,466,1
121,665,1
121,357,1
121,441,1
121,241,1
121,157,1
121,332,1
121,296,1
121,276,1
121,158,1
121,546,1
121,521,1
121,106,1
121,93,1
121,39,1
121,379,1
121,286,1
121,455,1
121,96,1
121,651,1
121,254,1
121,386,1
121,212,1
121,641,1
121,14,1
121,370,1
121,205,1
121,268,1
121,449,1
121,275,1
121,498,1
121,588,1
121,572,1
121,261,1
121,494,1
121,577,1
121,562,1
121,425,1
121,6,1
121,214,1
121,561,1
121,310,1
121,262,1
121,377,1
121,282,1
121,413,1
121,36,1
121,472,1
121,21,1
121,295,1
121,356,1
121,522,1
121,634,1
121,497,1
121,289,1
121,622,1
121,571,1
121,294,1
121,92,1
121,138,1
121,554,1
121,172,1
121,346,1
121,536,1
121,164,1
121,315,1
121,274,1
121,532,1
121,476,1
121,388,1
121,653,1
121,136,1
121,118,1
121,189,1
121,8,1
121,600,1
121,492,1
121,508,1
121,650,1
121,438,1
121,483,1
121,613,1
121,374,1
121,556,1
121,304,1
121,500,1
121,524,1
121,626,1
121,292,1
121,630,1
121,42,1
121,195,1
121,321,1
121,515,1
121,439,1
121,431,1
121,84,1
121,642,1
121,137,1
121,558,1
121,330,1
121,248,1
121,260,1
121,160,1
121,671,1
121,45,1
121,368,1
121,53,1
121,646,1
121,170,1
121,203,1
121,83,1
121,382,1
121,245,1
121,145,1
121,165,1
121,595,1
121,519,1
121,516,1
121,410,1
121,627,1
121,463,1
121,11,1
121,23,1
121,322,1
121,233,1
121,74,1
121,484,1
121,194,1
121,564,1
121,618,1
121,604,1
121,491,1
121,670,1
121,27,1
121,206,1
121,640,1
121,359,1
121,637,1
121,669,1
121,278,1
121,397,1
121,168,1
121,107,1
121,544,1
121,124,1
121,12,1
121,392,1
121,510,1
121,200,1
121,680,1
121,307,1
121,211,1
121,135,1
121,196,1
121,60,1
121,81,1
121,228,1
121,514,1
121,465,1
121,393,1
121,655,1
121,605,1
121,462,1
121,61,1
121,412,1
121,458,1
121,659,1
121,342,1
121,273,1
121,352,1
121,57,1
121,583,1
121,210,1
121,602,1
121,506,1
121,448,1
121,628,1
121,236,1
121,51,1
121,269,1
121,280,1
121,405,1
121,603,1
121,219,1
121,258,1
121,109,1
121,175,1
121,429,1
121,504,1
121,545,1
121,95,1
121,73,1
121,570,1
121,376,1
121,638,1
121,101,1
121,29,1
121,227,1
121,535,1
121,549,1
121,596,1
121,490,1
121,308,1
121,281,1
121,198,1
121,132,1
121,553,1
121,251,1
121,169,1
121,398,1
121,656,1
121,148,1
121,385,1
121,62,1
121,225,1
121,599,1
121,442,1
121,64,1
121,354,1
121,373,1
121,257,1
121,505,1
121,38,1
121,488,1
121,482,1
121,18,1
121,123,1
121,677,1
121,144,1
121,415,1
121,82,1
121,78,1
121,331,1
121,364,1
121,542,1
121,267,1
121,326,1
121,691,1
121,252,1
121,52,1
121,625,1
121,147,1
121,2,1
121,71,1
121,97,1
121,230,1
121,139,1
121,89,1
121,469,1
121,407,1
121,467,1
121,127,1
121,451,1
121,539,1
121,103,1
121,464,1
121,69,1
121,423,1
121,290,1
121,226,1
121,541,1
121,529,1
121,611,1
121,323,1
121,20,1
121,666,1
121,552,1
121,457,1
121,173,1
121,47,1
121,574,1
121,433,1
121,152,1
121,683,1
121,687,1
121,420,1
121,597,1
121,35,1
121,128,1
121,580,1
121,593,1
121,288,1
121,610,1
121,612,1
121,414,1
121,327,1
121,480,1
121,538,1
121,619,1
121,366,1
121,347,1
121,428,1
121,80,1
121,592,1
121,30,1
121,474,1
121,436,1
121,534,1
121,0,1
121,247,1
121,240,1
121,507,1
121,329,1
121,390,1
121,222,1
121,548,1
121,343,1
121,201,1
121,513,1
121,520,1
121,598,1
121,445,1
121,67,1
121,90,1
121,134,1
121,293,1
121,208,1
121,473,1
121,125,1
121,180,1
121,291,1
121,690,1
121,143,1
121,403,1
121,581,1
121,636,1
121,341,1
121,270,1
121,313,1
121,620,1
121,400,1
121,489,1
121,70,1
121,422,1
121,559,1
121,568,1
121,319,1
121,661,1
121,654,1
121,112,1
121,209,1
121,635,1
121,117,1
121,108,1
121,664,1
121,579,1
121,391,1
121,369,1
121,43,1
121,191,1
121,682,1
121,63,1
121,569,1
121,427,1
121,523,1
121,266,1
121,459,1
121,33,1
121,408,1
121,585,1
121,72,1
121,647,1
121,302,1
121,509,1
121,335,1
121,199,1
121,563,1
121,44,1
121,477,1
121,339,1
121,182,1
121,662,1
121,586,1
121,468,1
121,3,1
121,337,1
121,351,1
121,279,1
121,381,1
121,16,1
121,607,1
121,162,1
121,224,1
121,197,1
121,120,1
121,517,1
121,259,1
121,54,1
121,495,1
121,265,1
121,350,1
121,299,1
121,334,1
121,204,1
121,174,1
121,202,1
121,283,1
121,340,1
121,348,1
121,119,1
121,25,1
121,389,1
121,88,1
121,102,1
121,437,1
121,190,1
121,91,1
121,215,1
121,648,1
121,444,1
121,345,1
121,10,1
121,126,1
121,404,1
121,402,1
121,565,1
121,161,1
121,242,1
121,540,1
121,32,1
121,363,1
121,344,1
121,447,1
121,589,1
121,146,1
121,217,1
121,396,1
121,311,1
121,421,1
121,601,1
121,179,1
121,232,1
121,624,1
121,287,1
121,443,1
121,432,1
121,372,1
121,657,1
121,470,1
121,79,1
121,606,1
121,479,1
121,298,1
121,163,1
121,312,1
121,249,1
121,411,1
121,250,1
121,501,1
121,4,1
121,499,1
121,114,1
121,86,1
121,417,1
121,503,1
121,46,1
121,496,1
121,355,1
121,353,1
121,231,1
121,361,1
121,424,1
121,452,1
121,22,1
121,409,1
121,13,1
121,177,1
121,181,1
121,150,1
121,154,1
121,110,1
121,674,1
121,551,1
121,527,1
121,130,1
121,576,1
121,17,1
121,56,1
121,94,1
121,171,1
121,460,1
121,318,1
121,239,1
121,418,1
121,300,1
121,87,1
121,255,1
121,77,1
121,587,1
121,584,1
121,167,1
121,485,1
121,435,1
121,122,1
121,111,1
121,663,1
121,623,1
121,188,1
121,142,1
121,223,1
121,511,1
121,55,1
121,19,1
121,394,1
121,378,1
121,367,1
121,685,1
121,645,1
121,416,1
121,141,1
121,271,1
121,660,1
121,440,1
47,286,1
47,106,1
47,241,1
47,648,1
47,497,1
47,386,1
47,455,1
47,604,1
47,429,1
47,95,1
47,413,1
47,631,1
47,297,1
47,184,1
47,260,1
47,170,1
47,23,1
47,397,1
47,450,1
47,451,1
47,572,1
47,578,1
47,103,1
47,610,1
47,210,1
47,194,1
47,314,1
47,646,1
47,92,1
47,346,1
47,510,1
47,176,1
47,214,1
47,289,1
47,357,1
47,536,1
47,410,1
47,83,1
47,375,1
47,118,1
47,574,1
47,198,1
47,208,1
47,642,1
47,558,1
47,569,1
47,656,1
47,316,1
47,168,1
47,582,1
47,185,1
47,384,1
47,446,1
47,246,1
47,466,1
47,14,1
47,333,1
47,498,1
47,221,1
47,153,1
47,676,1
47,665,1
47,337,1
47,282,1
47,309,1
47,39,1
47,84,1
47,8,1
47,325,1
47,145,1
47,541,1
47,473,1
47,680,1
47,515,1
47,236,1
47,669,1
47,68,1
47,96,1
47,650,1
47,596,1
47,332,1
47,121,1
47,206,1
47,127,1
47,341,1
47,27,1
47,222,1
47,597,1
47,486,1
47,516,1
47,274,1
47,689,1
47,45,1
47,182,1
47,441,1
47,262,1
47,595,1
47,302,1
47,472,1
47,140,1
47,616,1
47,40,1
47,137,1
47,463,1
47,169,1
47,175,1
47,448,1
47,149,1
47,655,1
47,474,1
47,637,1
47,438,1
47,98,1
47,139,1
47,440,1
47,436,1
47,79,1
47,30,1
47,524,1
47,615,1
47,263,1
47,279,1
47,415,1
47,658,1
47,423,1
47,667,1
47,531,1
47,671,1
47,480,1
47,67,1
47,186,1
47,233,1
47,457,1
47,405,1
47,171,1
47,100,1
47,366,1
47,543,1
47,603,1
47,359,1
47,351,1
47,505,1
47,638,1
47,570,1
47,545,1
47,414,1
47,323,1
47,88,1
47,634,1
47,335,1
47,602,1
47,542,1
47,6,1
47,431,1
47,376,1
47,360,1
47,588,1
47,13,1
47,600,1
47,307,1
47,321,1
47,142,1
47,216,1
47,628,1
47,163,1
47,577,1
47,36,1
47,105,1
47,331,1
47,412,1
47,585,1
47,459,1
47,454,1
47,312,1
7,346,1
7,425,1
7,536,1
7,40,1
7,14,1
7,600,1
7,8,1
7,153,1
7,380,1
7,359,1
7,582,1
7,332,1
7,628,1
7,203,1
7,384,1
7,629,1
7,83,1
7,665,1
7,68,1
7,605,1
7,569,1
7,445,1
7,627,1
7,299,1
7,640,1
7,364,1
7,466,1
7,170,1
7,145,1
7,455,1
7,446,1
7,39,1
7,221,1
7,98,1
7,510,1
7,246,1
7,64,1
7,556,1
7,356,1
7,274,1
7,383,1
7,650,1
7,561,1
7,283,1
7,386,1
7,497,1
7,164,1
7,428,1
7,258,1
7,622,1
7,101,1
7,572,1
7,53,1
7,463,1
7,451,1
7,297,1
7,671,1
7,189,1
7,157,1
7,84,1
7,597,1
7,78,1
7,438,1
7,653,1
7,470,1
7,412,1
7,165,1
7,450,1
7,646,1
7,127,1
7,201,1
7,186,1
7,357,1
7,548,1
7,598,1
7,118,1
7,441,1
7,309,1
7,114,1
7,314,1
7,508,1
7,498,1
7,149,1
7,261,1
7,532,1
7,649,1
7,302,1
7,535,1
7,578,1
7,610,1
7,36,1
7,241,1
7,254,1
7,661,1
7,92,1
7,106,1
7,195,1
7,81,1
7,626,1
7,326,1
7,588,1
7,184,1
7,354,1
7,45,1
7,137,1
7,377,1
7,437,1
7,158,1
7,219,1
7,465,1
7,415,1
7,398,1
7,74,1
7,546,1
7,308,1
7,574,1
7,205,1
7,676,1
7,604,1
7,618,1
7,179,1
7,631,1
7,262,1
7,331,1
7,212,1
7,352,1
7,570,1
7,375,1
7,12,1
7,520,1
7,514,1
7,515,1
7,35,1
7,94,1
7,490,1
7,224,1
7,669,1
7,282,1
7,351,1
7,27,1
7,289,1
7,366,1
7,494,1
7,473,1
7,214,1
7,511,1
7,347,1
7,370,1
7,410,1
7,245,1
7,176,1
7,373,1
7,33,1
7,376,1
7,242,1
7,51,1
7,476,1
7,368,1
7,565,1
7,325,1
7,333,1
7,125,1
7,616,1
7,472,1
7,571,1
7,273,1
7,642,1
7,129,1
7,388,1
7,100,1
7,358,1
7,107,1
7,293,1
7,73,1
7,595,1
7,91,1
7,80,1
7,397,1
7,172,1
7,448,1
7,603,1
7,516,1
7,424,1
7,47,1
7,260,1
7,513,1
7,175,1
7,240,1
7,23,1
7,655,1
7,215,1
7,210,1
7,160,1
7,139,1
7,487,1
7,585,1
7,420,1
7,680,1
7,341,1
7,248,1
7,216,1
7,204,1
7,467,1
7,61,1
7,343,1
7,294,1
7,257,1
7,489,1
7,310,1
7,267,1
7,182,1
7,174,1
7,168,1
7,506,1
7,667,1
7,530,1
7,553,1
7,79,1
7,345,1
7,96,1
7,689,1
7,198,1
7,52,1
7,521,1
7,390,1
7,286,1
7,589,1
7,163,1
7,196,1
7,387,1
7,575,1
7,402,1
7,690,1
7,131,1
7,596,1
7,656,1
7,337,1
7,613,1
7,429,1
7,344,1
7,316,1
7,132,1
7,25,1
7,500,1
7,89,1
7,95,1
7,413,1
7,444,1
7,202,1
7,363,1
7,86,1
7,112,1
7,452,1
7,272,1
7,249,1
7,340,1
7,236,1
7,612,1
7,268,1
7,76,1
7,683,1
7,235,1
7,239,1
7,329,1
7,433,1
7,275,1
7,523,1
7,417,1
7,492,1
7,142,1
7,462,1
7,568,1
7,602,1
7,648,1
7,469,1
7,619,1
7,103,1
7,484,1
7,336,1
7,537,1
7,633,1
7,544,1
7,518,1
7,593,1
7,271,1
7,495,1
7,259,1
7,385,1
7,4,1
7,641,1
7,321,1
7,10,1
7,278,1
7,479,1
7,105,1
7,199,1
7,512,1
7,190,1
7,87,1
7,348,1
7,686,1
7,453,1
7,586,1
7,339,1
7,226,1
7,583,1
7,677,1
7,28,1
7,185,1
7,194,1
7,117,1
7,682,1
7,691,1
7,353,1
7,409,1
7,526,1
7,335,1
7,389,1
7,222,1
7,396,1
7,630,1
7,558,1
7,635,1
7,522,1
7,524,1
7,50,1
7,334,1
7,454,1
7,464,1
7,355,1
7,43,1
7,634,1
7,124,1
7,562,1
7,217,1
7,17,1
7,232,1
7,592,1
7,477,1
7,67,1
7,93,1
7,400,1
7,270,1
7,338,1
7,70,1
7,111,1
7,382,1
7,350,1
7,72,1
7,102,1
7,584,1
7,19,1
7,121,1
7,227,1
7,197,1
7,177,1
7,181,1
7,674,1
7,231,1
7,431,1
7,2,1
7,138,1
7,599,1
7,538,1
7,442,1
7,647,1
7,474,1
7,681,1
7,319,1
7,439,1
7,173,1
7,265,1
7,659,1
7,171,1
7,360,1
7,483,1
7,136,1
7,315,1
7,223,1
7,566,1
7,447,1
7,151,1
7,670,1
7,393,1
7,654,1
7,191,1
7,551,1
7,88,1
7,206,1
7,156,1
7,374,1
7,458,1
7,664,1
7,62,1
7,230,1
7,342,1
7,539,1
7,480,1
7,432,1
7,362,1
7,71,1
7,507,1
7,55,1
7,496,1
7,48,1
7,407,1
7,295,1
7,287,1
7,499,1
7,0,1
7,587,1
7,63,1
7,322,1
7,662,1
7,625,1
7,408,1
7,427,1
7,20,1
7,313,1
7,211,1
7,666,1
7,1,1
7,108,1
7,534,1
7,269,1
7,576,1
7,369,1
7,180,1
7,517,1
7,651,1
7,687,1
7,312,1
7,459,1
7,122,1
7,300,1
7,488,1
7,247,1
7,162,1
7,304,1
7,69,1
7,147,1
7,503,1
7,430,1
7,154,1
7,486,1
7,22,1
7,6,1
7,169,1
7,311,1
7,391,1
7,18,1
7,109,1
7,188,1
7,663,1
7,504,1
7,54,1
7,58,1
7,238,1
7,422,1
7,66,1
7,307,1
7,21,1
7,404,1
7,426,1
7,529,1
7,395,1
7,140,1
7,501,1
7,658,1
7,482,1
7,200,1
7,207,1
7,49,1
7,405,1
7,416,1
565,185,1
565,8,1
565,25,1
565,433,1
565,302,1
565,470,1
565,648,1
565,337,1
565,535,1
565,520,1
565,293,1
565,326,1
565,556,1
565,118,1
565,28,1
565,492,1
565,631,1
565,442,1
565,351,1
565,232,1
565,162,1
565,103,1
565,286,1
565,246,1
565,102,1
565,191,1
565,341,1
565,95,1
565,125,1
565,308,1
565,186,1
565,472,1
565,39,1
565,267,1
565,231,1
565,299,1
565,574,1
565,344,1
565,366,1
565,561,1
565,466,1
565,629,1
565,309,1
565,98,1
565,215,1
565,376,1
565,441,1
565,522,1
565,537,1
565,427,1
565,289,1
565,425,1
565,357,1
565,680,1
565,282,1
565,409,1
565,132,1
565,325,1
565,297,1
565,646,1
565,647,1
565,578,1
565,463,1
565,139,1
565,353,1
565,86,1
565,497,1
565,618,1
565,473,1
565,221,1
565,517,1
565,262,1
565,54,1
565,467,1
565,36,1
565,239,1
565,68,1
565,41,1
565,633,1
565,455,1
565,172,1
565,71,1
565,241,1
565,536,1
565,498,1
565,170,1
565,217,1
565,606,1
565,347,1
565,157,1
565,571,1
565,595,1
565,201,1
565,105,1
565,10,1
565,487,1
565,108,1
565,524,1
565,121,1
565,598,1
565,602,1
565,450,1
565,74,1
565,226,1
565,586,1
565,223,1
565,553,1
565,145,1
565,236,1
565,572,1
565,656,1
565,45,1
565,416,1
565,4,1
565,206,1
565,92,1
565,106,1
565,677,1
565,94,1
565,12,1
565,634,1
565,521,1
565,203,1
565,164,1
565,254,1
565,402,1
565,331,1
565,158,1
565,460,1
565,182,1
565,112,1
565,314,1
565,327,1
565,283,1
565,682,1
565,665,1
565,640,1
565,131,1
565,198,1
565,189,1
565,212,1
565,610,1
565,622,1
565,639,1
565,388,1
565,126,1
565,479,1
565,538,1
565,689,1
565,397,1
565,532,1
565,49,1
565,107,1
565,384,1
565,97,1
565,362,1
565,580,1
565,23,1
565,257,1
565,346,1
565,27,1
565,258,1
565,114,1
565,171,1
565,153,1
565,616,1
565,156,1
565,354,1
565,287,1
565,196,1
565,588,1
565,348,1
565,513,1
565,600,1
565,35,1
565,248,1
565,676,1
565,332,1
565,691,1
565,445,1
565,96,1
565,40,1
565,165,1
565,516,1
565,418,1
565,662,1
565,53,1
565,468,1
565,683,1
565,130,1
565,375,1
565,380,1
565,358,1
565,214,1
565,339,1
565,510,1
565,73,1
565,101,1
565,511,1
565,184,1
565,210,1
565,44,1
565,168,1
565,372,1
565,52,1
565,393,1
565,530,1
565,548,1
565,568,1
565,669,1
565,503,1
565,69,1
565,438,1
565,333,1
565,50,1
565,311,1
565,523,1
565,686,1
565,228,1
565,448,1
565,363,1
565,273,1
565,279,1
565,604,1
565,515,1
565,195,1
565,569,1
565,664,1
565,540,1
565,400,1
565,359,1
565,398,1
565,33,1
565,579,1
565,219,1
565,310,1
565,110,1
565,316,1
565,589,1
565,17,1
565,651,1
565,506,1
565,205,1
565,630,1
565,78,1
565,245,1
565,151,1
565,451,1
565,377,1
565,500,1
565,489,1
565,240,1
565,345,1
565,134,1
565,370,1
565,661,1
565,546,1
565,180,1
565,429,1
565,274,1
565,642,1
565,265,1
565,464,1
565,80,1
565,508,1
565,14,1
565,342,1
565,582,1
565,583,1
565,19,1
565,368,1
565,334,1
565,566,1
565,560,1
565,197,1
565,603,1
565,590,1
565,76,1
565,614,1
565,625,1
565,667,1
565,383,1
565,641,1
565,104,1
565,285,1
565,260,1
565,307,1
565,149,1
565,644,1
565,446,1
565,350,1
565,437,1
565,518,1
565,336,1
565,367,1
565,261,1
565,570,1
565,142,1
565,650,1
565,420,1
565,605,1
565,194,1
565,413,1
565,628,1
270,246,1
270,586,1
270,530,1
270,101,1
270,69,1
270,519,1
270,455,1
270,441,1
270,102,1
270,508,1
270,574,1
270,598,1
270,118,1
270,231,1
270,579,1
270,520,1
270,385,1
270,142,1
270,479,1
270,189,1
270,463,1
270,538,1
270,162,1
270,212,1
270,12,1
270,254,1
270,125,1
270,54,1
270,424,1
270,311,1
270,110,1
270,221,1
270,302,1
270,583,1
270,552,1
270,108,1
270,416,1
270,100,1
270,332,1
270,333,1
270,438,1
270,72,1
270,309,1
270,616,1
270,171,1
270,421,1
270,370,1
270,540,1
270,435,1
270,674,1
270,25,1
270,188,1
270,74,1
270,245,1
270,236,1
270,33,1
270,499,1
270,315,1
270,569,1
270,450,1
270,469,1
270,664,1
270,681,1
270,492,1
270,26,1
270,226,1
270,604,1
270,70,1
270,393,1
270,267,1
270,224,1
270,150,1
270,130,1
270,248,1
270,104,1
270,176,1
270,397,1
270,271,1
270,51,1
270,78,1
270,498,1
270,621,1
270,64,1
270,132,1
270,607,1
270,631,1
270,394,1
270,344,1
270,114,1
270,137,1
270,656,1
270,644,1
270,331,1
270,629,1
270,642,1
270,172,1
270,107,1
270,265,1
270,373,1
270,215,1
270,206,1
270,353,1
270,279,1
270,379,1
270,368,1
270,383,1
270,420,1
270,83,1
270,384,1
270,35,1
270,445,1
270,71,1
270,327,1
270,647,1
270,484,1
270,582,1
270,418,1
270,400,1
270,179,1
270,567,1
270,532,1
270,558,1
270,170,1
270,258,1
270,489,1
270,68,1
270,602,1
270,242,1
270,665,1
270,686,1
270,366,1
270,36,1
270,444,1
270,200,1
270,448,1
270,433,1
270,388,1
270,48,1
270,297,1
270,45,1
270,126,1
270,361,1
270,18,1
270,676,1
270,535,1
270,345,1
270,677,1
270,180,1
270,472,1
270,518,1
270,300,1
270,28,1
270,335,1
270,506,1
270,460,1
270,301,1
270,427,1
270,223,1
270,39,1
270,262,1
270,30,1
270,73,1
270,326,1
270,497,1
270,688,1
270,396,1
270,96,1
270,651,1
270,354,1
270,347,1
270,282,1
270,8,1
270,268,1
270,407,1
270,614,1
270,360,1
270,410,1
270,348,1
270,470,1
270,464,1
270,320,1
270,467,1
270,422,1
270,595,1
270,289,1
270,402,1
270,95,1
270,580,1
270,398,1
270,351,1
270,516,1
270,149,1
270,671,1
270,364,1
270,669,1
270,521,1
270,141,1
270,391,1
270,197,1
270,487,1
270,10,1
270,466,1
270,363,1
270,232,1
270,600,1
270,177,1
270,588,1
270,181,1
270,568,1
270,473,1
270,346,1
270,202,1
270,283,1
270,11,1
270,392,1
270,417,1
270,566,1
270,337,1
270,313,1
270,500,1
270,507,1
270,183,1
270,164,1
270,488,1
270,79,1
270,4,1
270,175,1
270,286,1
270,523,1
270,31,1
270,272,1
270,112,1
270,201,1
270,625,1
270,618,1
270,689,1
270,274,1
270,299,1
270,406,1
270,387,1
270,40,1
270,565,1
270,87,1
270,430,1
270,90,1
270,412,1
270,408,1
270,273,1
270,423,1
270,42,1
270,157,1
270,342,1
270,341,1
270,386,1
270,537,1
270,395,1
270,1,1
270,437,1
270,16,1
270,553,1
270,350,1
270,667,1
270,203,1
270,174,1
270,517,1
270,158,1
270,307,1
270,486,1
270,204,1
270,633,1
270,3,1
270,53,1
270,375,1
270,578,1
270,60,1
270,480,1
270,191,1
270,510,1
270,605,1
270,210,1
270,50,1
270,536,1
270,649,1
270,603,1
270,321,1
270,27,1
270,620,1
270,425,1
270,294,1
270,458,1
270,639,1
270,148,1
270,426,1
270,76,1
270,409,1
270,555,1
270,334,1
270,560,1
270,539,1
270,293,1
270,239,1
270,382,1
270,259,1
270,474,1
270,546,1
270,219,1
270,261,1
270,233,1
270,323,1
270,374,1
270,380,1
270,241,1
270,446,1
270,440,1
270,691,1
270,376,1
270,182,1
270,575,1
270,52,1
270,163,1
270,453,1
270,17,1
270,512,1
270,91,1
270,81,1
270,428,1
270,372,1
270,640,1
270,522,1
270,325,1
270,167,1
270,477,1
270,84,1
270,195,1
270,429,1
270,316,1
270,44,1
270,211,1
270,14,1
270,687,1
270,249,1
270,509,1
270,468,1
270,310,1
270,541,1
270,106,1
270,515,1
270,139,1
270,138,1
270,173,1
270,166,1
270,561,1
270,343,1
270,659,1
270,319,1
270,682,1
270,314,1
270,124,1
270,653,1
270,413,1
270,646,1
270,648,1
270,545,1
270,80,1
270,255,1
270,365,1
270,98,1
270,194,1
270,208,1
270,218,1
270,571,1
270,308,1
270,483,1
270,144,1
270,222,1
270,145,1
270,217,1
270,666,1
270,184,1
270,103,1
270,680,1
270,250,1
270,169,1
270,442,1
270,153,1
270,358,1
270,377,1
270,643,1
270,216,1
270,105,1
270,554,1
270,462,1
270,97,1
270,496,1
270,230,1
270,451,1
270,660,1
270,129,1
270,85,1
270,634,1
270,228,1
270,109,1
270,478,1
270,637,1
270,278,1
270,290,1
270,186,1
270,196,1
270,275,1
270,596,1
270,329,1
270,542,1
270,381,1
270,431,1
270,2,1
270,610,1
270,22,1
270,657,1
270,449,1
270,23,1
270,92,1
270,414,1
270,21,1
270,263,1
270,131,1
270,205,1
270,7,1
270,86,1
270,576,1
270,185,1
270,357,1
270,501,1
270,240,1
270,589,1
270,322,1
270,151,1
270,527,1
270,491,1
270,56,1
270,390,1
270,378,1
270,214,1
270,683,1
270,504,1
270,276,1
270,534,1
270,359,1
270,135,1
270,662,1
270,336,1
270,207,1
270,121,1
270,624,1
270,199,1
270,494,1
270,572,1
270,165,1
270,630,1
270,287,1
270,675,1
270,559,1
270,281,1
270,476,1
270,127,1
270,24,1
270,5,1
270,295,1
270,511,1
270,606,1
270,655,1
270,594,1
270,503,1
270,548,1
270,514,1
270,89,1
270,454,1
270,551,1
270,94,1
270,159,1
270,62,1
270,367,1
270,419,1
270,168,1
270,252,1
270,288,1
270,628,1
270,227,1
270,134,1
270,356,1
270,597,1
270,635,1
270,556,1
270,590,1
270,43,1
270,61,1
270,623,1
270,88,1
270,531,1
270,247,1
270,622,1
270,650,1
270,513,1
270,526,1
270,119,1
270,260,1
270,369,1
270,111,1
270,627,1
270,82,1
270,459,1
270,404,1
270,190,1
270,318,1
270,257,1
270,593,1
270,140,1
270,611,1
270,661,1
270,415,1
270,471,1
270,654,1
270,32,1
270,543,1
270,47,1
270,619,1
270,592,1
270,529,1
270,495,1
270,198,1
270,587,1
270,638,1
270,641,1
270,452,1
270,482,1
270,269,1
270,609,1
270,564,1
270,617,1
270,161,1
270,6,1
270,465,1
270,505,1
270,403,1
270,93,1
270,690,1
270,436,1
270,225,1
270,352,1
270,339,1
270,663,1
270,67,1
270,280,1
270,317,1
270,120,1
270,38,1
270,447,1
270,19,1
270,58,1
270,117,1
270,128,1
270,55,1
270,389,1
270,160,1
270,0,1
270,63,1
270,432,1
270,584,1
270,562,1
270,570,1
270,251,1
270,585,1
270,601,1
270,147,1
270,123,1
270,143,1
270,502,1
270,544,1
270,599,1
270,549,1
270,439,1
270,626,1
270,581,1
270,636,1
270,136,1
270,20,1
270,298,1
270,615,1
270,670,1
270,355,1
270,292,1
270,490,1
270,213,1
270,613,1
270,434,1
270,296,1
270,266,1
270,13,1
270,405,1
7,90,0
7,229,0
7,209,0
7,24,0
7,590,0
7,675,0
7,672,0
7,233,0
7,644,0
7,684,0
7,264,0
7,323,0
7,328,0
7,279,0
7,443,0
7,645,0
7,509,0
7,44,0
7,411,0
7,421,0
7,146,0
7,290,0
7,549,0
7,423,0
7,505,0
7,209,0
7,303,0
7,643,0
7,643,0
7,509,0
7,379,0
7,75,0
7,673,0
7,292,0
7,252,0
7,567,0
7,228,0
7,32,0
7,134,0
7,468,0
7,263,0
7,673,0
7,632,0
7,146,0
7,24,0
7,148,0
7,540,0
7,485,0
7,542,0
7,32,0
7,237,0
7,119,0
7,144,0
7,183,0
7,580,0
7,317,0
7,678,0
7,381,0
7,42,0
7,253,0
7,110,0
7,225,0
7,567,0
7,264,0
7,187,0
7,392,0
7,144,0
7,320,0
7,590,0
7,11,0
7,305,0
7,263,0
7,406,0
7,37,0
7,134,0
7,255,0
7,37,0
7,26,0
7,7,0
7,381,0
7,645,0
7,291,0
7,607,0
7,639,0
7,281,0
7,560,0
7,460,0
7,90,0
7,82,0
7,392,0
7,5,0
7,621,0
7,318,0
7,110,0
7,624,0
7,291,0
7,256,0
7,547,0
7,449,0
7,208,0
7,183,0
7,37,0
7,150,0
7,166,0
7,225,0
7,285,0
7,594,0
7,30,0
7,233,0
7,41,0
7,296,0
7,525,0
7,320,0
7,685,0
7,292,0
7,306,0
7,563,0
7,440,0
7,123,0
7,528,0
7,16,0
7,225,0
7,608,0
7,279,0
7,573,0
7,552,0
7,29,0
7,209,0
7,133,0
7,104,0
7,411,0
7,318,0
7,15,0
7,296,0
7,540,0
7,434,0
7,632,0
7,394,0
7,392,0
7,187,0
7,440,0
7,527,0
7,491,0
7,281,0
7,16,0
7,639,0
7,263,0
7,471,0
7,317,0
7,543,0
7,564,0
7,617,0
7,116,0
7,559,0
7,130,0
7,615,0
7,623,0
7,29,0
7,638,0
7,255,0
7,460,0
7,13,0
7,317,0
7,13,0
7,301,0
7,113,0
7,564,0
7,250,0
7,563,0
7,301,0
7,449,0
7,624,0
7,542,0
7,280,0
7,65,0
7,65,0
7,327,0
7,563,0
7,276,0
7,209,0
7,220,0
7,594,0
7,688,0
7,552,0
7,37,0
7,637,0
7,323,0
7,573,0
7,255,0
7,399,0
7,418,0
7,638,0
7,606,0
7,166,0
7,394,0
7,97,0
7,280,0
7,113,0
7,594,0
7,152,0
7,159,0
7,577,0
7,11,0
7,44,0
7,542,0
7,606,0
7,609,0
7,672,0
7,44,0
7,679,0
7,555,0
7,148,0
7,250,0
7,252,0
7,542,0
7,611,0
7,471,0
7,688,0
7,59,0
7,675,0
7,290,0
7,591,0
7,218,0
7,37,0
7,15,0
7,183,0
7,371,0
7,392,0
7,591,0
7,638,0
7,549,0
7,209,0
7,41,0
7,44,0
7,540,0
7,478,0
7,5,0
7,280,0
7,31,0
7,403,0
7,41,0
7,475,0
7,606,0
7,85,0
7,250,0
7,301,0
7,552,0
7,509,0
7,414,0
7,116,0
7,243,0
7,418,0
7,141,0
7,193,0
7,255,0
7,123,0
7,298,0
7,234,0
7,16,0
7,324,0
7,621,0
7,183,0
7,82,0
7,481,0
7,159,0
7,542,0
7,119,0
7,255,0
7,545,0
7,291,0
7,542,0
7,13,0
7,38,0
7,220,0
7,115,0
7,213,0
7,161,0
7,606,0
7,38,0
7,457,0
7,296,0
7,527,0
7,502,0
7,449,0
7,263,0
7,281,0
7,193,0
7,475,0
7,673,0
7,564,0
7,284,0
7,403,0
7,243,0
7,146,0
7,263,0
7,435,0
7,135,0
7,318,0
7,557,0
7,255,0
7,38,0
7,555,0
7,225,0
7,193,0
7,134,0
7,266,0
7,485,0
7,56,0
7,547,0
7,110,0
7,559,0
7,3,0
7,549,0
7,148,0
7,367,0
7,590,0
7,550,0
7,547,0
7,320,0
7,525,0
7,3,0
7,617,0
7,233,0
7,85,0
7,37,0
7,679,0
7,42,0
7,115,0
7,31,0
7,97,0
7,178,0
7,371,0
7,371,0
7,285,0
7,209,0
7,31,0
7,594,0
7,443,0
7,77,0
7,150,0
7,403,0
7,434,0
7,688,0
7,449,0
7,485,0
7,255,0
7,609,0
7,399,0
7,607,0
7,90,0
7,243,0
7,150,0
7,542,0
7,541,0
7,403,0
7,673,0
7,99,0
7,252,0
7,559,0
7,161,0
7,130,0
7,234,0
7,85,0
7,560,0
7,541,0
7,436,0
7,146,0
7,29,0
7,161,0
7,234,0
7,208,0
7,632,0
7,276,0
7,130,0
7,401,0
7,564,0
7,303,0
7,541,0
7,621,0
7,435,0
7,623,0
7,460,0
7,688,0
7,116,0
7,57,0
7,547,0
7,367,0
7,545,0
7,657,0
7,237,0
7,303,0
7,187,0
7,672,0
7,292,0
7,130,0
7,623,0
7,34,0
7,85,0
7,24,0
7,468,0
7,208,0
7,468,0
7,606,0
7,528,0
7,276,0
7,320,0
7,601,0
7,104,0
7,471,0
7,609,0
7,250,0
7,115,0
7,379,0
7,306,0
7,435,0
7,573,0
7,26,0
7,468,0
7,379,0
7,399,0
7,632,0
7,318,0
7,252,0
7,292,0
7,251,0
7,349,0
7,554,0
7,113,0
7,555,0
7,563,0
7,99,0
7,652,0
7,213,0
7,292,0
7,209,0
7,502,0
7,679,0
7,284,0
7,624,0
7,679,0
7,116,0
7,193,0
7,16,0
7,614,0
7,543,0
7,193,0
7,85,0
7,228,0
7,394,0
7,306,0
7,152,0
7,244,0
7,99,0
7,44,0
7,367,0
7,419,0
7,637,0
7,471,0
7,281,0
7,251,0
7,213,0
7,591,0
7,540,0
7,381,0
7,250,0
7,306,0
7,471,0
7,491,0
7,29,0
7,220,0
7,394,0
7,559,0
7,234,0
7,46,0
7,90,0
12,678,0
12,461,0
12,46,0
12,30,0
12,394,0
12,234,0
12,77,0
12,601,0
12,435,0
12,401,0
12,405,0
12,360,0
12,82,0
12,30,0
12,385,0
12,249,0
12,457,0
12,540,0
12,264,0
12,644,0
12,405,0
12,609,0
12,672,0
12,310,0
12,69,0
12,407,0
12,403,0
12,541,0
12,379,0
12,587,0
12,328,0
12,300,0
12,652,0
12,279,0
12,187,0
12,284,0
12,237,0
12,607,0
12,12,0
12,234,0
12,581,0
12,541,0
12,678,0
12,57,0
12,636,0
12,310,0
12,481,0
12,104,0
12,24,0
12,9,0
12,277,0
12,244,0
12,638,0
12,161,0
12,154,0
12,533,0
12,279,0
12,330,0
12,587,0
12,298,0
12,502,0
12,543,0
12,601,0
12,350,0
12,253,0
12,300,0
12,360,0
12,167,0
12,679,0
12,148,0
12,320,0
12,563,0
12,263,0
12,279,0
12,30,0
12,178,0
12,621,0
12,181,0
12,609,0
12,652,0
12,148,0
12,166,0
12,13,0
12,405,0
12,496,0
12,559,0
12,662,0
12,461,0
12,237,0
12,350,0
12,187,0
12,461,0
12,77,0
12,317,0
12,675,0
12,335,0
12,24,0
12,135,0
12,576,0
12,547,0
12,528,0
12,338,0
12,327,0
12,551,0
12,392,0
12,65,0
12,411,0
12,1,0
12,633,0
12,673,0
12,609,0
12,327,0
12,505,0
12,38,0
12,615,0
12,615,0
12,220,0
12,317,0
12,178,0
12,318,0
12,668,0
12,491,0
12,426,0
12,42,0
12,678,0
12,360,0
12,34,0
12,181,0
12,9,0
12,296,0
12,300,0
12,13,0
12,17,0
12,230,0
12,411,0
12,109,0
12,63,0
12,635,0
12,350,0
12,264,0
12,249,0
12,338,0
12,330,0
12,300,0
12,557,0
12,85,0
12,543,0
12,279,0
12,155,0
12,371,0
12,177,0
12,621,0
12,60,0
12,54,0
12,288,0
12,237,0
12,541,0
12,547,0
12,181,0
12,633,0
12,360,0
12,276,0
12,69,0
12,310,0
12,263,0
12,436,0
12,223,0
12,338,0
12,407,0
12,436,0
12,253,0
12,606,0
12,264,0
12,457,0
12,65,0
12,475,0
12,296,0
12,411,0
12,555,0
12,644,0
12,256,0
12,116,0
12,305,0
12,607,0
12,306,0
12,541,0
12,587,0
12,234,0
12,554,0
12,148,0
12,187,0
12,564,0
12,193,0
12,607,0
12,673,0
12,559,0
12,220,0
12,644,0
12,228,0
12,123,0
12,505,0
12,110,0
12,371,0
12,563,0
12,496,0
12,643,0
12,136,0
12,636,0
12,90,0
12,405,0
12,549,0
12,407,0
12,230,0
12,279,0
12,136,0
12,550,0
12,122,0
12,464,0
12,229,0
12,9,0
12,220,0
12,505,0
12,411,0
12,144,0
12,633,0
12,349,0
12,159,0
12,673,0
12,30,0
12,54,0
12,419,0
12,543,0
12,408,0
12,502,0
12,187,0
12,167,0
12,590,0
12,633,0
12,493,0
12,496,0
12,432,0
12,399,0
12,528,0
12,159,0
12,486,0
12,430,0
12,82,0
12,478,0
12,576,0
12,392,0
12,394,0
12,318,0
12,550,0
12,645,0
12,133,0
12,509,0
12,430,0
12,141,0
12,113,0
12,253,0
12,322,0
12,349,0
12,436,0
12,507,0
12,502,0
12,234,0
12,673,0
12,554,0
12,306,0
12,328,0
12,250,0
12,298,0
12,581,0
12,550,0
12,543,0
12,481,0
12,67,0
12,328,0
12,123,0
12,418,0
12,192,0
12,85,0
12,229,0
12,306,0
12,430,0
12,135,0
12,551,0
12,320,0
12,436,0
12,416,0
12,503,0
12,652,0
12,336,0
12,606,0
12,381,0
12,113,0
12,636,0
12,311,0
12,678,0
12,135,0
12,69,0
12,564,0
12,90,0
12,60,0
12,685,0
12,322,0
12,654,0
12,394,0
12,471,0
12,607,0
12,502,0
12,436,0
12,119,0
12,152,0
12,381,0
12,306,0
12,509,0
12,178,0
12,407,0
12,587,0
12,322,0
12,284,0
12,632,0
12,93,0
12,414,0
12,551,0
12,608,0
12,594,0
12,29,0
12,328,0
12,30,0
12,493,0
12,6,0
12,594,0
12,349,0
12,148,0
12,678,0
12,67,0
12,26,0
12,247,0
12,298,0
12,416,0
12,250,0
12,324,0
12,298,0
12,632,0
12,66,0
12,77,0
12,338,0
12,34,0
12,159,0
12,324,0
12,306,0
12,434,0
12,34,0
12,167,0
12,187,0
12,557,0
12,305,0
12,541,0
12,6,0
12,525,0
12,528,0
12,632,0
12,528,0
12,281,0
12,30,0
12,57,0
12,113,0
12,119,0
12,277,0
12,148,0
12,249,0
12,250,0
12,187,0
12,266,0
12,135,0
12,335,0
12,66,0
12,288,0
12,256,0
12,253,0
12,606,0
12,42,0
12,547,0
12,435,0
12,291,0
12,255,0
12,576,0
12,243,0
12,298,0
12,266,0
12,141,0
12,408,0
12,555,0
12,303,0
12,161,0
12,471,0
12,525,0
12,679,0
12,173,0
12,381,0
12,662,0
12,643,0
12,633,0
12,115,0
12,247,0
12,491,0
12,678,0
12,247,0
12,461,0
12,684,0
12,464,0
12,22,0
12,491,0
12,381,0
12,284,0
12,38,0
12,42,0
12,276,0
12,672,0
12,609,0
12,193,0
12,591,0
12,318,0
12,110,0
12,144,0
12,85,0
12,311,0
12,99,0
12,303,0
12,609,0
12,601,0
12,177,0
12,491,0
12,122,0
12,264,0
12,436,0
12,65,0
12,491,0
12,551,0
12,573,0
12,369,0
12,20,0
12,57,0
12,399,0
12,554,0
12,57,0
12,679,0
12,464,0
12,173,0
12,336,0
12,110,0
12,349,0
12,335,0
12,507,0
12,238,0
12,15,0
12,263,0
12,406,0
47,564,0
47,56,0
47,267,0
47,547,0
47,587,0
47,344,0
47,268,0
47,391,0
47,608,0
47,513,0
47,197,0
47,382,0
47,354,0
47,493,0
47,278,0
47,313,0
47,1,0
47,3,0
47,28,0
47,273,0
47,622,0
47,211,0
47,499,0
47,417,0
47,191,0
47,554,0
47,449,0
47,468,0
47,419,0
47,218,0
47,113,0
47,462,0
47,681,0
47,298,0
47,192,0
47,363,0
47,324,0
47,199,0
47,520,0
47,181,0
47,435,0
47,571,0
47,552,0
47,104,0
47,326,0
47,404,0
47,356,0
47,213,0
47,298,0
47,365,0
47,601,0
47,330,0
47,329,0
47,652,0
47,586,0
47,400,0
47,320,0
47,213,0
47,527,0
47,288,0
47,593,0
47,248,0
47,385,0
47,155,0
47,248,0
47,623,0
47,276,0
47,64,0
47,403,0
47,478,0
47,529,0
47,108,0
47,238,0
47,244,0
47,509,0
47,377,0
47,229,0
47,538,0
47,453,0
47,215,0
47,470,0
47,407,0
47,377,0
47,507,0
47,189,0
47,421,0
47,690,0
47,267,0
47,664,0
47,37,0
47,230,0
47,563,0
47,62,0
47,551,0
47,232,0
47,152,0
47,43,0
47,399,0
47,363,0
47,533,0
47,681,0
47,408,0
47,539,0
47,408,0
47,301,0
47,336,0
47,159,0
47,367,0
47,523,0
47,553,0
47,61,0
47,190,0
47,485,0
47,9,0
47,245,0
47,318,0
47,518,0
47,44,0
47,160,0
47,645,0
47,422,0
47,82,0
47,584,0
47,640,0
47,235,0
47,201,0
47,130,0
47,271,0
47,1,0
47,356,0
47,22,0
47,272,0
47,110,0
47,540,0
47,439,0
47,318,0
47,592,0
47,399,0
47,544,0
47,691,0
47,612,0
47,230,0
47,352,0
47,653,0
47,679,0
47,355,0
47,503,0
47,678,0
47,380,0
47,500,0
47,248,0
47,159,0
47,300,0
47,226,0
47,653,0
47,327,0
47,234,0
47,407,0
47,611,0
47,57,0
47,550,0
47,48,0
47,38,0
47,659,0
47,256,0
47,452,0
47,10,0
47,611,0
47,255,0
47,199,0
47,345,0
47,128,0
47,256,0
47,484,0
121,543,0
121,193,0
121,58,0
121,7,0
121,643,0
121,686,0
121,478,0
121,430,0
121,621,0
121,349,0
121,419,0
121,237,0
121,238,0
121,140,0
121,192,0
121,686,0
121,193,0
121,303,0
121,594,0
121,41,0
121,207,0
121,594,0
121,187,0
121,531,0
121,456,0
121,594,0
121,216,0
121,533,0
121,486,0
121,338,0
121,493,0
121,550,0
121,336,0
121,475,0
121,116,0
121,632,0
121,608,0
121,28,0
121,256,0
121,192,0
121,76,0
121,50,0
121,573,0
121,621,0
121,41,0
121,131,0
121,317,0
121,633,0
121,395,0
121,575,0
121,471,0
121,566,0
121,324,0
121,159,0
121,537,0
121,338,0
121,305,0
121,37,0
121,285,0
121,113,0
121,512,0
121,609,0
121,555,0
121,328,0
121,362,0
121,573,0
121,320,0
121,264,0
121,328,0
121,131,0
121,557,0
121,537,0
121,140,0
121,609,0
121,533,0
121,121,0
121,140,0
121,277,0
121,234,0
121,338,0
121,528,0
121,253,0
121,324,0
121,235,0
121,434,0
121,193,0
121,525,0
121,301,0
121,401,0
121,591,0
121,591,0
121,672,0
121,5,0
121,336,0
121,643,0
121,284,0
121,76,0
121,7,0
121,684,0
121,115,0
121,166,0
121,151,0
121,338,0
121,7,0
121,7,0
121,264,0
121,193,0
121,609,0
121,263,0
121,76,0
121,243,0
121,31,0
121,617,0
121,34,0
121,85,0
121,502,0
121,207,0
121,66,0
121,75,0
121,668,0
121,560,0
121,365,0
121,65,0
121,155,0
121,533,0
121,594,0
121,633,0
121,244,0
121,643,0
121,207,0
121,453,0
121,639,0
121,159,0
121,207,0
121,303,0
121,525,0
121,679,0
121,426,0
121,234,0
121,686,0
121,243,0
121,178,0
121,59,0
121,192,0
121,675,0
121,37,0
121,41,0
121,531,0
121,406,0
121,590,0
121,155,0
121,557,0
121,475,0
121,609,0
121,277,0
121,37,0
121,5,0
121,555,0
121,49,0
121,15,0
121,66,0
121,639,0
121,50,0
121,133,0
121,594,0
121,399,0
121,493,0
121,306,0
121,113,0
121,395,0
121,537,0
121,632,0
121,26,0
121,430,0
121,156,0
121,371,0
121,560,0
121,590,0
121,216,0
121,303,0
121,395,0
121,305,0
121,285,0
121,216,0
121,218,0
121,487,0
121,338,0
121,301,0
121,678,0
121,156,0
121,573,0
121,66,0
121,178,0
121,59,0
121,644,0
121,502,0
121,328,0
121,486,0
121,399,0
121,684,0
121,75,0
121,65,0
121,115,0
121,133,0
121,453,0
121,684,0
121,306,0
121,76,0
121,238,0
121,573,0
121,615,0
121,401,0
121,573,0
121,65,0
121,178,0
121,573,0
121,531,0
121,104,0
121,679,0
121,371,0
121,461,0
121,362,0
121,244,0
121,207,0
121,399,0
121,303,0
121,113,0
121,48,0
121,183,0
121,244,0
121,566,0
121,49,0
121,594,0
121,454,0
121,256,0
121,401,0
121,41,0
121,28,0
121,34,0
121,487,0
121,34,0
121,328,0
121,213,0
121,478,0
121,434,0
121,679,0
121,512,0
121,7,0
121,349,0
121,66,0
121,159,0
121,115,0
121,371,0
121,253,0
121,5,0
121,193,0
121,75,0
121,575,0
121,678,0
121,547,0
121,192,0
121,116,0
121,533,0
121,632,0
121,113,0
121,531,0
121,675,0
121,688,0
121,66,0
121,301,0
121,207,0
121,475,0
121,320,0
121,362,0
121,213,0
121,253,0
121,49,0
121,426,0
121,155,0
121,395,0
121,317,0
121,253,0
121,301,0
121,284,0
121,621,0
121,99,0
121,401,0
121,399,0
121,609,0
121,76,0
121,679,0
121,678,0
121,151,0
121,324,0
121,37,0
121,131,0
121,76,0
121,679,0
121,140,0
121,15,0
121,59,0
121,244,0
121,688,0
121,639,0
121,49,0
121,305,0
121,644,0
121,140,0
121,187,0
121,555,0
121,399,0
121,264,0
121,652,0
121,426,0
121,566,0
121,547,0
121,434,0
121,643,0
121,591,0
121,533,0
121,672,0
121,486,0
121,244,0
121,686,0
121,306,0
121,675,0
121,37,0
121,550,0
121,338,0
121,328,0
121,632,0
121,453,0
121,285,0
121,557,0
121,617,0
121,652,0
121,575,0
121,75,0
121,305,0
121,243,0
121,50,0
121,317,0
121,216,0
121,26,0
121,434,0
121,24,0
121,668,0
121,66,0
121,525,0
121,487,0
121,48,0
121,213,0
121,50,0
121,573,0
121,104,0
121,116,0
121,531,0
121,303,0
121,608,0
121,264,0
121,471,0
121,76,0
121,643,0
121,284,0
121,85,0
121,643,0
121,533,0
121,528,0
121,301,0
121,399,0
121,317,0
121,406,0
121,575,0
121,531,0
121,512,0
121,58,0
121,34,0
121,679,0
121,632,0
121,487,0
121,644,0
121,573,0
121,475,0
121,566,0
121,512,0
121,65,0
121,216,0
121,426,0
121,471,0
121,456,0
121,26,0
121,85,0
121,263,0
121,263,0
121,263,0
121,48,0
121,371,0
121,220,0
121,76,0
121,566,0
121,547,0
121,187,0
121,525,0
121,679,0
121,453,0
121,395,0
121,336,0
121,301,0
121,675,0
121,566,0
121,328,0
121,187,0
121,238,0
121,187,0
121,456,0
121,66,0
121,26,0
121,277,0
121,594,0
121,34,0
121,59,0
121,487,0
121,220,0
121,9,0
121,48,0
121,99,0
121,166,0
121,306,0
121,566,0
121,557,0
121,533,0
121,608,0
121,317,0
121,193,0
121,338,0
121,362,0
121,643,0
121,305,0
121,543,0
121,684,0
121,362,0
121,686,0
121,207,0
121,528,0
121,105,0
121,493,0
121,478,0
121,115,0
121,453,0
121,371,0
121,632,0
121,406,0
121,305,0
121,652,0
121,575,0
121,338,0
121,675,0
121,471,0
121,567,0
121,543,0
121,365,0
121,66,0
121,7,0
121,99,0
121,305,0
121,256,0
121,426,0
121,99,0
121,263,0
121,426,0
121,395,0
121,207,0
121,58,0
121,85,0
121,50,0
121,99,0
121,478,0
121,434,0
121,216,0
121,237,0
121,453,0
121,140,0
121,238,0
121,395,0
121,430,0
121,324,0
121,531,0
121,253,0
121,406,0
121,244,0
121,34,0
121,475,0
121,303,0
121,244,0
121,9,0
121,533,0
121,401,0
121,5,0
121,543,0
121,675,0
121,493,0
121,371,0
121,192,0
121,133,0
121,336,0
121,306,0
121,31,0
121,213,0
121,284,0
121,678,0
121,15,0
121,284,0
121,573,0
121,419,0
121,644,0
121,406,0
121,324,0
121,5,0
121,614,0
121,426,0
121,328,0
121,461,0
121,216,0
121,678,0
121,305,0
121,456,0
121,658,0
121,24,0
121,684,0
121,15,0
121,31,0
121,99,0
121,243,0
121,336,0
121,336,0
121,673,0
121,34,0
121,475,0
121,133,0
121,557,0
121,237,0
121,207,0
121,151,0
121,9,0
121,531,0
121,349,0
121,256,0
121,362,0
121,50,0
121,66,0
121,349,0
121,105,0
121,207,0
121,686,0
121,115,0
121,555,0
165,279,0
165,314,0
165,176,0
165,314,0
165,458,0
165,691,0
165,518,0
165,361,0
165,647,0
165,538,0
165,212,0
165,44,0
165,373,0
165,498,0
165,678,0
165,194,0
165,129,0
165,33,0
165,377,0
165,11,0
165,624,0
165,689,0
165,446,0
165,573,0
165,316,0
165,71,0
165,34,0
165,403,0
165,471,0
165,616,0
165,383,0
165,650,0
165,516,0
165,422,0
165,140,0
165,558,0
165,130,0
165,124,0
165,287,0
165,583,0
165,154,0
165,561,0
165,149,0
165,465,0
165,495,0
165,99,0
165,647,0
165,662,0
165,106,0
165,83,0
165,252,0
165,90,0
165,691,0
165,73,0
165,139,0
165,556,0
165,560,0
165,110,0
165,21,0
165,425,0
165,218,0
165,594,0
165,614,0
165,384,0
165,141,0
165,185,0
165,186,0
165,294,0
165,191,0
165,42,0
165,470,0
165,689,0
165,272,0
165,37,0
165,419,0
165,656,0
165,341,0
165,98,0
165,648,0
165,386,0
165,344,0
165,65,0
165,372,0
165,177,0
165,99,0
165,639,0
165,408,0
165,184,0
165,54,0
165,544,0
165,635,0
165,287,0
165,296,0
165,170,0
165,167,0
165,451,0
165,48,0
165,125,0
165,302,0
165,106,0
165,410,0
165,533,0
165,147,0
165,523,0
165,215,0
165,59,0
165,437,0
165,321,0
165,456,0
165,499,0
165,363,0
165,283,0
165,611,0
165,159,0
165,613,0
165,80,0
165,428,0
165,402,0
165,641,0
165,659,0
165,498,0
165,185,0
165,34,0
165,503,0
165,215,0
165,86,0
165,318,0
165,560,0
165,592,0
165,15,0
165,100,0
165,533,0
165,217,0
165,141,0
165,479,0
165,141,0
165,487,0
165,342,0
165,393,0
165,442,0
165,429,0
165,252,0
165,144,0
165,146,0
165,498,0
165,446,0
165,158,0
165,454,0
165,125,0
165,243,0
165,466,0
165,317,0
165,620,0
165,334,0
165,377,0
165,193,0
165,76,0
165,525,0
165,573,0
165,110,0
165,364,0
165,215,0
165,408,0
165,146,0
165,259,0
165,215,0
165,86,0
165,224,0
165,663,0
165,351,0
165,102,0
165,579,0
165,459,0
165,231,0
165,580,0
165,55,0
165,685,0
165,81,0
165,678,0
165,564,0
165,277,0
165,540,0
165,222,0
165,436,0
165,561,0
165,545,0
165,167,0
165,548,0
165,517,0
165,460,0
165,236,0
165,7,0
165,264,0
165,576,0
165,490,0
165,476,0
165,256,0
165,244,0
165,328,0
165,171,0
165,111,0
165,193,0
165,28,0
165,588,0
165,368,0
165,541,0
165,597,0
165,551,0
165,199,0
165,255,0
165,144,0
165,471,0
165,356,0
165,328,0
165,552,0
165,372,0
165,96,0
165,584,0
165,90,0
165,387,0
165,412,0
165,24,0
165,681,0
165,144,0
165,236,0
165,89,0
165,236,0
165,646,0
165,176,0
165,284,0
165,538,0
165,455,0
165,538,0
165,206,0
165,39,0
165,432,0
165,171,0
165,272,0
165,672,0
165,252,0
165,215,0
165,386,0
165,155,0
165,91,0
165,318,0
165,681,0
165,544,0
189,590,0
189,439,0
189,281,0
189,502,0
189,462,0
189,38,0
189,171,0
189,336,0
189,339,0
189,300,0
189,523,0
189,653,0
189,501,0
189,668,0
189,167,0
189,406,0
189,580,0
189,349,0
189,645,0
189,659,0
189,324,0
189,646,0
189,600,0
189,81,0
189,22,0
189,243,0
189,501,0
189,457,0
189,359,0
189,657,0
189,93,0
189,366,0
189,227,0
189,151,0
189,61,0
189,403,0
189,288,0
189,673,0
189,27,0
189,491,0
189,208,0
189,167,0
189,412,0
189,153,0
189,542,0
189,16,0
189,111,0
189,244,0
189,134,0
189,123,0
189,205,0
189,291,0
189,343,0
189,124,0
189,675,0
189,654,0
189,5,0
189,140,0
189,29,0
189,668,0
189,367,0
189,320,0
189,0,0
189,539,0
189,686,0
189,367,0
189,180,0
189,459,0
189,30,0
189,666,0
189,307,0
189,352,0
189,502,0
189,141,0
189,304,0
189,609,0
189,27,0
189,252,0
189,637,0
189,406,0
189,381,0
189,636,0
189,65,0
189,389,0
189,195,0
189,340,0
189,187,0
189,425,0
189,51,0
189,343,0
189,371,0
189,396,0
189,494,0
189,1,0
189,111,0
189,138,0
189,203,0
189,620,0
189,402,0
189,600,0
189,167,0
189,44,0
189,109,0
189,606,0
189,100,0
189,463,0
189,57,0
189,454,0
189,259,0
189,5,0
189,47,0
189,288,0
189,306,0
189,654,0
189,23,0
189,72,0
189,255,0
189,208,0
189,22,0
189,663,0
189,349,0
189,670,0
189,457,0
189,243,0
189,645,0
189,385,0
189,47,0
189,481,0
189,22,0
189,140,0
189,23,0
189,267,0
189,119,0
189,90,0
189,482,0
189,195,0
189,244,0
189,408,0
189,543,0
189,179,0
189,314,0
189,462,0
189,367,0
189,305,0
189,630,0
189,155,0
189,81,0
189,77,0
189,18,0
189,532,0
189,13,0
189,157,0
189,541,0
189,349,0
189,610,0
189,434,0
189,463,0
189,31,0
189,127,0
189,557,0
189,202,0
189,62,0
189,677,0
189,136,0
189,673,0
189,385,0
189,319,0
189,23,0
189,200,0
189,672,0
189,2,0
189,399,0
189,152,0
189,315,0
189,183,0
189,603,0
189,207,0
189,319,0
189,670,0
189,16,0
189,523,0
189,84,0
189,178,0
189,205,0
189,288,0
189,439,0
189,485,0
189,235,0
189,271,0
189,486,0
189,400,0
189,148,0
189,471,0
189,203,0
189,342,0
189,85,0
189,493,0
189,121,0
189,360,0
189,281,0
189,663,0
189,220,0
189,216,0
189,9,0
189,532,0
189,457,0
189,636,0
189,253,0
189,84,0
189,140,0
189,478,0
189,672,0
189,37,0
189,669,0
189,645,0
189,157,0
189,79,0
189,448,0
189,47,0
189,215,0
189,590,0
189,306,0
189,0,0
189,600,0
189,304,0
189,386,0
189,312,0
189,79,0
189,320,0
189,38,0
270,672,0
270,591,0
270,193,0
270,59,0
270,577,0
270,684,0
270,328,0
270,591,0
270,679,0
270,557,0
270,608,0
270,229,0
270,156,0
270,632,0
270,59,0
270,234,0
270,49,0
270,547,0
270,192,0
270,371,0
270,304,0
270,264,0
270,122,0
270,340,0
270,608,0
270,340,0
270,113,0
270,41,0
270,443,0
270,577,0
270,57,0
270,563,0
270,678,0
270,229,0
270,401,0
270,277,0
270,29,0
270,115,0
270,678,0
270,485,0
270,330,0
270,684,0
270,330,0
270,178,0
270,187,0
270,340,0
270,608,0
270,49,0
270,234,0
270,304,0
270,284,0
270,658,0
270,678,0
270,349,0
270,679,0
270,237,0
270,244,0
270,77,0
270,99,0
270,525,0
270,46,0
270,253,0
270,481,0
270,77,0
270,234,0
270,156,0
270,338,0
270,303,0
270,34,0
270,75,0
270,270,0
270,187,0
270,66,0
270,461,0
270,563,0
270,577,0
270,312,0
270,349,0
270,304,0
270,533,0
270,533,0
270,485,0
270,209,0
270,29,0
270,209,0
270,557,0
270,49,0
270,563,0
270,672,0
270,77,0
270,340,0
270,237,0
270,37,0
270,340,0
270,192,0
270,563,0
270,685,0
270,411,0
270,652,0
270,678,0
270,652,0
270,340,0
270,178,0
270,243,0
270,528,0
270,256,0
270,678,0
270,304,0
270,591,0
270,577,0
270,303,0
270,672,0
270,493,0
270,65,0
270,456,0
270,146,0
270,608,0
270,57,0
270,303,0
270,284,0
270,156,0
270,178,0
270,237,0
270,401,0
270,338,0
270,401,0
270,525,0
270,235,0
270,41,0
270,46,0
270,244,0
270,456,0
270,533,0
270,330,0
270,668,0
270,362,0
270,324,0
270,475,0
270,264,0
270,612,0
270,528,0
270,340,0
270,461,0
270,303,0
270,49,0
270,485,0
270,362,0
270,57,0
270,193,0
270,685,0
270,533,0
270,672,0
270,34,0
270,37,0
270,550,0
270,156,0
270,237,0
270,277,0
270,456,0
270,41,0
270,122,0
270,9,0
270,456,0
270,244,0
270,340,0
270,284,0
270,277,0
270,457,0
270,146,0
270,573,0
270,270,0
270,46,0
270,673,0
270,563,0
270,291,0
270,29,0
270,411,0
270,612,0
270,563,0
270,285,0
270,66,0
270,525,0
270,563,0
270,15,0
270,645,0
270,243,0
270,481,0
270,57,0
270,178,0
270,312,0
270,285,0
270,156,0
270,608,0
270,243,0
270,399,0
270,306,0
270,146,0
270,306,0
270,645,0
270,234,0
270,573,0
270,146,0
270,99,0
270,573,0
270,133,0
270,443,0
270,253,0
270,116,0
270,77,0
270,645,0
270,330,0
270,235,0
270,99,0
270,673,0
270,312,0
270,340,0
270,338,0
270,456,0
270,306,0
270,187,0
270,525,0
270,9,0
270,244,0
270,122,0
270,632,0
270,678,0
270,59,0
270,234,0
270,658,0
270,115,0
270,284,0
270,330,0
270,533,0
270,457,0
270,77,0
270,178,0
270,303,0
270,57,0
270,122,0
270,277,0
270,155,0
270,528,0
270,612,0
270,547,0
270,156,0
270,34,0
270,270,0
270,34,0
270,678,0
270,59,0
270,41,0
270,29,0
270,46,0
270,652,0
270,573,0
270,237,0
270,57,0
270,234,0
270,658,0
270,178,0
270,49,0
270,547,0
270,312,0
270,34,0
270,253,0
270,41,0
270,533,0
270,461,0
270,156,0
270,115,0
270,133,0
270,678,0
270,340,0
270,113,0
270,305,0
270,573,0
270,253,0
270,672,0
270,673,0
270,493,0
270,59,0
270,193,0
270,178,0
270,256,0
270,37,0
270,155,0
270,324,0
270,305,0
270,220,0
270,305,0
270,547,0
270,485,0
270,591,0
270,155,0
270,547,0
270,237,0
270,66,0
270,577,0
270,668,0
270,220,0
270,15,0
270,672,0
270,220,0
270,234,0
270,156,0
270,133,0
270,66,0
270,29,0
270,528,0
270,122,0
270,312,0
270,155,0
270,29,0
270,608,0
270,115,0
270,152,0
270,668,0
270,528,0
270,338,0
270,324,0
270,193,0
270,154,0
270,338,0
270,152,0
270,270,0
270,244,0
270,652,0
270,29,0
270,632,0
270,678,0
270,550,0
270,75,0
270,577,0
270,77,0
270,192,0
270,533,0
270,99,0
270,685,0
270,612,0
270,192,0
270,685,0
270,573,0
270,115,0
270,411,0
270,485,0
270,612,0
270,591,0
270,253,0
270,77,0
270,632,0
270,187,0
270,187,0
270,193,0
270,678,0
270,235,0
270,525,0
270,399,0
270,156,0
270,237,0
270,178,0
270,284,0
270,237,0
270,37,0
270,256,0
270,305,0
270,563,0
270,29,0
270,9,0
270,330,0
270,324,0
270,525,0
270,37,0
270,685,0
270,524,0
270,156,0
270,65,0
270,658,0
270,155,0
270,187,0
270,362,0
270,312,0
270,456,0
270,362,0
270,193,0
270,77,0
270,330,0
270,57,0
270,338,0
270,525,0
270,524,0
270,658,0
270,303,0
270,525,0
270,156,0
270,154,0
270,399,0
270,305,0
270,443,0
270,152,0
270,99,0
270,401,0
270,220,0
270,152,0
270,37,0
270,243,0
270,155,0
270,264,0
270,291,0
270,547,0
270,481,0
270,557,0
270,193,0
270,557,0
270,57,0
270,156,0
270,461,0
270,591,0
270,550,0
270,608,0
270,525,0
270,324,0
270,41,0
270,46,0
270,41,0
270,235,0
270,277,0
270,193,0
270,178,0
270,77,0
270,362,0
270,305,0
270,235,0
270,340,0
270,304,0
270,154,0
270,46,0
270,193,0
270,75,0
270,330,0
270,15,0
270,256,0
270,481,0
270,291,0
270,154,0
270,9,0
270,528,0
270,306,0
270,229,0
270,235,0
270,209,0
270,238,0
270,525,0
270,146,0
270,461,0
270,291,0
270,235,0
270,49,0
270,154,0
270,41,0
270,668,0
270,116,0
270,291,0
270,547,0
270,154,0
270,49,0
270,152,0
270,493,0
270,533,0
270,59,0
270,65,0
270,563,0
270,285,0
270,229,0
270,256,0
270,146,0
270,235,0
270,547,0
270,59,0
270,291,0
270,57,0
270,524,0
270,330,0
270,284,0
270,285,0
270,235,0
270,99,0
270,253,0
270,304,0
270,362,0
270,443,0
270,99,0
270,493,0
270,192,0
270,349,0
270,37,0
270,645,0
270,612,0
270,563,0
270,37,0
270,306,0
270,99,0
270,399,0
270,481,0
270,291,0
270,220,0
270,146,0
270,684,0
270,34,0
270,525,0
270,116,0
270,457,0
270,557,0
270,399,0
270,113,0
270,645,0
270,37,0
270,678,0
270,684,0
270,75,0
270,146,0
270,152,0
270,685,0
270,306,0
270,340,0
270,65,0
270,133,0
270,9,0
270,557,0
270,303,0
270,133,0
270,235,0
270,244,0
270,305,0
270,15,0
270,481,0
270,284,0
270,291,0
270,220,0
270,49,0
270,9,0
270,401,0
270,113,0
270,244,0
270,547,0
270,122,0
270,187,0
270,99,0
270,178,0
270,305,0
270,256,0
270,113,0
270,66,0
270,192,0
270,612,0
270,192,0
270,285,0
270,652,0
270,235,0
270,277,0
270,243,0
270,457,0
270,37,0
270,65,0
270,685,0
270,192,0
270,324,0
270,235,0
270,524,0
270,485,0
270,573,0
270,229,0
270,668,0
270,371,0
270,9,0
270,229,0
270,525,0
270,305,0
270,475,0
270,192,0
270,264,0
270,485,0
270,547,0
270,485,0
270,475,0
270,678,0
270,528,0
270,41,0
270,75,0
270,305,0
270,456,0
270,547,0
270,156,0
270,324,0
270,41,0
270,679,0
270,291,0
270,133,0
270,573,0
381,120,0
381,281,0
381,601,0
381,611,0
381,608,0
381,427,0
381,116,0
381,341,0
381,70,0
381,291,0
381,88,0
381,632,0
381,139,0
381,538,0
381,436,0
381,140,0
381,411,0
381,377,0
381,511,0
381,527,0
381,512,0
381,627,0
381,193,0
381,162,0
381,427,0
381,663,0
381,342,0
381,322,0
381,658,0
381,94,0
381,359,0
381,361,0
381,112,0
381,607,0
381,34,0
381,349,0
381,306,0
381,436,0
381,23,0
381,324,0
381,679,0
381,25,0
381,191,0
381,560,0
381,687,0
381,589,0
381,362,0
381,291,0
381,88,0
381,405,0
381,362,0
381,220,0
381,493,0
381,533,0
381,422,0
381,435,0
381,575,0
381,33,0
381,573,0
381,140,0
381,9,0
381,348,0
381,48,0
381,417,0
381,517,0
381,672,0
381,187,0
381,183,0
381,378,0
381,560,0
381,479,0
381,381,0
381,66,0
381,293,0
381,378,0
381,479,0
381,156,0
381,547,0
381,608,0
381,402,0
381,517,0
381,120,0
381,37,0
381,76,0
381,348,0
381,644,0
381,305,0
381,191,0
381,300,0
381,276,0
381,268,0
381,303,0
381,353,0
381,96,0
381,609,0
381,614,0
381,342,0
381,77,0
381,243,0
381,32,0
381,362,0
381,283,0
381,476,0
381,643,0
381,156,0
381,230,0
381,435,0
381,517,0
381,385,0
381,344,0
381,594,0
381,211,0
381,120,0
381,180,0
381,452,0
381,110,0
381,511,0
381,29,0
381,501,0
381,75,0
381,417,0
381,594,0
381,63,0
381,401,0
381,537,0
381,672,0
381,300,0
381,585,0
381,99,0
381,115,0
381,426,0
381,264,0
381,290,0
381,159,0
381,328,0
381,549,0
381,510,0
381,119,0
381,440,0
381,119,0
381,277,0
381,340,0
381,10,0
381,18,0
381,327,0
381,290,0
381,37,0
381,156,0
381,389,0
381,283,0
381,550,0
381,96,0
381,75,0
381,25,0
381,115,0
381,322,0
381,402,0
381,320,0
381,611,0
381,100,0
381,511,0
381,144,0
381,324,0
381,436,0
381,422,0
381,430,0
381,120,0
381,147,0
381,79,0
381,151,0
381,406,0
381,264,0
381,322,0
381,290,0
381,317,0
381,155,0
381,65,0
381,171,0
381,133,0
381,378,0
381,495,0
381,549,0
381,290,0
381,596,0
381,551,0
381,9,0
381,647,0
381,481,0
381,529,0
381,38,0
381,443,0
381,293,0
381,378,0
381,416,0
381,49,0
381,96,0
381,133,0
381,277,0
381,252,0
381,324,0
381,551,0
381,99,0
381,249,0
381,301,0
381,668,0
381,496,0
381,178,0
381,504,0
381,3,0
381,371,0
381,395,0
381,155,0
381,542,0
381,342,0
381,645,0
381,416,0
381,443,0
381,138,0
381,435,0
381,65,0
381,643,0
381,348,0
381,387,0
381,449,0
381,17,0
381,178,0
381,678,0
381,608,0
381,549,0
381,675,0
381,99,0
381,684,0
381,551,0
381,392,0
381,344,0
381,551,0
381,361,0
381,675,0
381,300,0
381,566,0
381,678,0
381,129,0
381,405,0
381,589,0
381,534,0
381,550,0
381,151,0
381,187,0
381,647,0
381,26,0
381,197,0
381,504,0
381,317,0
381,567,0
381,652,0
381,423,0
381,675,0
381,94,0
381,624,0
381,328,0
381,9,0
381,300,0
381,422,0
381,666,0
381,307,0
381,496,0
381,338,0
381,256,0
381,20,0
381,34,0
381,20,0
381,327,0
381,252,0
381,253,0
381,684,0
381,96,0
381,131,0
381,82,0
381,143,0
381,252,0
381,43,0
381,539,0
381,108,0
381,327,0
381,156,0
381,672,0
381,33,0
381,327,0
381,423,0
381,525,0
381,537,0
381,379,0
381,638,0
381,77,0
381,162,0
381,64,0
381,268,0
381,679,0
381,253,0
381,496,0
381,661,0
381,344,0
381,165,0
381,305,0
381,436,0
381,517,0
381,242,0
381,307,0
381,549,0
381,242,0
381,277,0
381,243,0
381,306,0
381,381,0
381,596,0
381,643,0
381,585,0
381,589,0
381,211,0
381,658,0
381,549,0
381,188,0
381,406,0
381,174,0
381,417,0
381,359,0
381,612,0
381,607,0
381,94,0
381,585,0
381,550,0
381,527,0
381,141,0
381,435,0
381,197,0
381,154,0
381,349,0
381,263,0
381,49,0
381,378,0
381,43,0
381,23,0
381,501,0
381,427,0
381,436,0
381,502,0
381,395,0
381,674,0
381,64,0
381,495,0
381,452,0
381,38,0
381,63,0
381,119,0
381,256,0
381,256,0
381,65,0
381,431,0
381,479,0
381,85,0
381,430,0
381,443,0
381,511,0
381,66,0
381,209,0
381,233,0
381,298,0
381,575,0
381,38,0
381,77,0
381,517,0
381,417,0
381,684,0
381,643,0
381,530,0
381,166,0
381,230,0
381,293,0
381,252,0
381,320,0
381,340,0
381,338,0
381,381,0
381,379,0
381,479,0
381,336,0
381,256,0
381,405,0
381,141,0
381,501,0
381,293,0
381,653,0
381,183,0
381,151,0
381,344,0
381,353,0
381,471,0
381,140,0
381,313,0
381,211,0
381,327,0
381,594,0
381,392,0
381,23,0
381,327,0
381,231,0
382,263,0
382,104,0
382,351,0
382,548,0
382,29,0
382,505,0
382,470,0
382,547,0
382,482,0
382,633,0
382,109,0
382,486,0
382,423,0
382,316,0
382,47,0
382,48,0
382,227,0
382,97,0
382,670,0
382,476,0
382,601,0
382,607,0
382,136,0
382,266,0
382,46,0
382,639,0
382,404,0
382,502,0
382,34,0
382,495,0
382,11,0
382,402,0
382,13,0
382,624,0
382,237,0
382,456,0
382,351,0
382,645,0
382,594,0
382,453,0
382,678,0
382,348,0
382,381,0
382,115,0
382,301,0
382,401,0
382,517,0
382,641,0
382,560,0
382,643,0
382,17,0
382,531,0
382,566,0
382,294,0
382,459,0
382,160,0
382,529,0
382,131,0
382,48,0
382,419,0
382,327,0
382,672,0
382,82,0
382,143,0
382,474,0
382,233,0
382,632,0
382,385,0
382,663,0
382,192,0
382,348,0
382,255,0
382,514,0
382,594,0
382,663,0
382,557,0
382,27,0
382,637,0
382,252,0
382,371,0
382,481,0
382,641,0
382,163,0
382,349,0
382,43,0
382,110,0
382,353,0
382,618,0
382,75,0
382,588,0
382,331,0
382,308,0
382,231,0
382,675,0
382,194,0
382,531,0
382,301,0
382,143,0
382,678,0
382,365,0
382,242,0
382,134,0
382,522,0
382,555,0
382,372,0
382,160,0
382,151,0
382,213,0
382,495,0
382,60,0
382,411,0
382,545,0
382,624,0
382,548,0
382,542,0
382,283,0
382,350,0
382,194,0
382,603,0
382,179,0
382,57,0
382,453,0
382,159,0
382,601,0
382,522,0
382,66,0
382,86,0
382,531,0
382,623,0
382,235,0
382,60,0
382,601,0
382,615,0
382,138,0
382,318,0
382,234,0
382,93,0
382,382,0
382,347,0
382,394,0
382,209,0
382,453,0
382,544,0
382,336,0
382,644,0
382,401,0
382,557,0
382,507,0
382,651,0
382,17,0
382,111,0
382,379,0
382,517,0
382,133,0
382,192,0
382,161,0
382,664,0
382,318,0
382,505,0
382,404,0
382,268,0
382,291,0
382,230,0
382,367,0
382,144,0
382,401,0
382,47,0
382,411,0
382,287,0
382,367,0
382,66,0
382,56,0
382,316,0
382,475,0
382,136,0
382,183,0
382,620,0
382,537,0
382,531,0
382,434,0
382,79,0
382,347,0
382,684,0
382,419,0
382,550,0
382,4,0
382,689,0
382,298,0
382,431,0
382,647,0
382,43,0
382,322,0
382,402,0
382,448,0
382,486,0
382,179,0
382,636,0
382,444,0
382,47,0
382,187,0
382,116,0
382,623,0
382,251,0
382,382,0
382,231,0
382,372,0
382,19,0
382,110,0
382,416,0
382,348,0
382,564,0
382,514,0
382,216,0
382,147,0
382,618,0
382,88,0
382,514,0
382,637,0
382,110,0
382,633,0
382,215,0
382,16,0
382,624,0
382,104,0
382,514,0
382,111,0
382,378,0
382,111,0
382,77,0
382,194,0
382,56,0
382,448,0
382,459,0
382,59,0
382,560,0
382,570,0
382,491,0
382,123,0
382,303,0
382,197,0
382,264,0
382,362,0
382,139,0
382,476,0
382,431,0
382,277,0
382,24,0
382,664,0
382,303,0
382,658,0
382,284,0
382,75,0
382,668,0
382,65,0
382,627,0
382,452,0
382,372,0
382,60,0
382,552,0
382,179,0
382,340,0
382,607,0
382,99,0
382,423,0
382,187,0
382,644,0
382,626,0
382,134,0
382,183,0
382,155,0
382,641,0
382,161,0
382,19,0
382,656,0
382,399,0
382,356,0
382,7,0
382,268,0
382,308,0
382,192,0
382,301,0
382,109,0
382,63,0
382,265,0
382,672,0
382,16,0
382,591,0
382,501,0
382,34,0
382,495,0
382,104,0
382,688,0
382,55,0
382,86,0
382,93,0
382,493,0
382,643,0
382,514,0
382,240,0
382,647,0
382,355,0
382,195,0
382,295,0
382,235,0
382,216,0
382,633,0
382,49,0
382,491,0
382,324,0
382,11,0
382,85,0
382,501,0
382,489,0
382,551,0
382,365,0
382,399,0
382,144,0
382,251,0
382,171,0
382,310,0
382,486,0
382,99,0
382,416,0
382,141,0
382,512,0
382,552,0
382,57,0
382,606,0
382,347,0
382,308,0
382,525,0
382,367,0
382,670,0
382,37,0
382,143,0
382,50,0
382,133,0
382,143,0
382,209,0
382,351,0
382,601,0
382,154,0
382,529,0
382,141,0
382,651,0
382,0,0
382,32,0
382,402,0
382,636,0
382,549,0
382,675,0
382,277,0
382,521,0
382,612,0
382,689,0
382,115,0
382,295,0
382,521,0
382,209,0
382,155,0
382,365,0
382,16,0
382,324,0
382,533,0
382,131,0
382,136,0
382,109,0
382,151,0
382,417,0
382,568,0
382,15,0
382,533,0
382,235,0
382,19,0
382,52,0
382,305,0
382,110,0
382,41,0
382,621,0
415,222,0
415,517,0
415,359,0
415,611,0
415,54,0
415,212,0
415,300,0
415,632,0
415,239,0
415,468,0
415,160,0
415,244,0
415,459,0
415,174,0
415,421,0
415,75,0
415,277,0
415,405,0
415,41,0
415,70,0
415,364,0
415,352,0
415,336,0
415,76,0
415,48,0
415,5,0
415,447,0
415,560,0
415,407,0
415,261,0
415,173,0
415,340,0
415,163,0
415,178,0
415,331,0
415,35,0
415,62,0
415,433,0
415,376,0
415,184,0
415,680,0
415,407,0
415,214,0
415,288,0
415,114,0
415,180,0
415,179,0
415,168,0
415,405,0
415,569,0
415,362,0
415,262,0
415,119,0
415,655,0
415,475,0
415,19,0
415,113,0
415,633,0
415,309,0
420,42,0
420,122,0
420,555,0
420,225,0
420,408,0
420,539,0
420,56,0
420,9,0
420,291,0
420,66,0
420,285,0
420,115,0
420,237,0
420,684,0
420,77,0
420,624,0
420,59,0
420,77,0
420,485,0
420,75,0
420,29,0
420,187,0
420,329,0
420,507,0
420,494,0
420,672,0
420,213,0
420,31,0
420,244,0
420,494,0
420,183,0
420,3,0
420,243,0
420,58,0
420,560,0
420,329,0
420,72,0
420,9,0
420,20,0
420,46,0
420,58,0
420,670,0
420,141,0
420,320,0
420,668,0
420,111,0
420,475,0
420,75,0
420,60,0
420,285,0
420,624,0
420,37,0
420,335,0
420,59,0
420,355,0
420,312,0
420,623,0
420,146,0
420,264,0
420,291,0
420,90,0
420,317,0
420,420,0
420,150,0
420,336,0
420,440,0
420,34,0
420,551,0
420,509,0
420,30,0
420,563,0
420,287,0
420,291,0
420,360,0
420,543,0
420,633,0
420,573,0
420,440,0
420,46,0
420,66,0
420,392,0
420,633,0
420,551,0
420,122,0
420,591,0
420,399,0
420,447,0
420,349,0
420,360,0
420,657,0
420,167,0
420,528,0
420,418,0
420,16,0
420,285,0
420,119,0
420,281,0
420,329,0
420,292,0
420,233,0
420,37,0
420,563,0
420,505,0
420,678,0
420,256,0
420,581,0
420,63,0
420,564,0
420,590,0
420,505,0
420,256,0
420,652,0
420,152,0
420,399,0
420,657,0
420,120,0
420,459,0
420,256,0
420,115,0
420,16,0
420,573,0
420,292,0
420,218,0
420,514,0
420,5,0
420,69,0
420,460,0
420,208,0
420,505,0
420,82,0
420,564,0
420,313,0
420,16,0
420,475,0
420,440,0
420,146,0
420,355,0
420,659,0
420,324,0
420,72,0
420,623,0
420,557,0
420,401,0
420,411,0
420,423,0
420,514,0
420,551,0
420,590,0
420,110,0
420,284,0
420,335,0
420,475,0
420,436,0
420,237,0
420,405,0
420,335,0
420,296,0
420,269,0
420,365,0
420,22,0
420,26,0
420,657,0
420,115,0
420,371,0
420,633,0
420,5,0
420,679,0
420,281,0
420,77,0
420,395,0
420,120,0
420,37,0
420,319,0
420,609,0
420,507,0
420,460,0
420,230,0
420,460,0
420,120,0
420,154,0
420,60,0
420,644,0
420,0,0
420,609,0
420,196,0
420,367,0
420,430,0
420,287,0
420,82,0
420,318,0
420,367,0
420,187,0
420,117,0
420,46,0
420,233,0
420,401,0
420,34,0
420,457,0
420,285,0
420,288,0
420,420,0
420,5,0
420,133,0
420,367,0
420,16,0
420,218,0
420,493,0
420,505,0
420,422,0
420,475,0
420,319,0
420,545,0
420,75,0
420,58,0
420,423,0
420,243,0
420,633,0
420,563,0
420,237,0
420,668,0
420,591,0
420,545,0
420,481,0
420,178,0
420,483,0
420,460,0
420,155,0
420,496,0
420,146,0
420,313,0
420,395,0
420,312,0
420,298,0
420,355,0
420,581,0
420,336,0
420,183,0
420,122,0
420,335,0
420,542,0
420,303,0
420,56,0
420,290,0
420,263,0
420,37,0
420,99,0
420,643,0
420,284,0
420,355,0
420,443,0
420,290,0
420,525,0
420,312,0
420,15,0
420,590,0
420,266,0
420,399,0
420,563,0
420,609,0
420,651,0
420,1,0
420,110,0
420,140,0
420,645,0
420,335,0
420,34,0
420,58,0
420,652,0
420,208,0
420,58,0
420,459,0
420,678,0
420,113,0
420,459,0
420,411,0
420,75,0
420,234,0
420,213,0
420,576,0
420,459,0
420,287,0
420,514,0
420,143,0
420,324,0
420,644,0
420,594,0
420,367,0
420,367,0
420,269,0
420,123,0
420,543,0
420,57,0
420,69,0
420,624,0
420,670,0
420,110,0
420,338,0
420,505,0
420,73,0
420,670,0
420,422,0
420,263,0
420,113,0
420,419,0
420,220,0
420,459,0
420,615,0
420,117,0
420,494,0
420,312,0
420,440,0
420,459,0
420,684,0
420,117,0
420,401,0
420,15,0
420,403,0
420,395,0
420,335,0
420,633,0
420,460,0
420,507,0
420,38,0
420,338,0
420,324,0
420,117,0
420,264,0
420,323,0
420,507,0
420,22,0
420,159,0
420,422,0
420,381,0
420,113,0
420,502,0
420,256,0
420,573,0
420,152,0
420,679,0
420,494,0
420,449,0
420,15,0
420,196,0
420,423,0
420,480,0
420,319,0
420,512,0
420,116,0
420,264,0
420,150,0
420,146,0
420,529,0
420,542,0
420,15,0
420,449,0
420,141,0
420,644,0
420,298,0
420,66,0
420,220,0
420,266,0
420,256,0
420,263,0
420,539,0
420,252,0
420,632,0
420,119,0
420,408,0
420,38,0
420,615,0
420,422,0
420,636,0
420,34,0
420,244,0
420,420,0
420,82,0
420,291,0
420,233,0
420,256,0
420,31,0
420,449,0
420,550,0
420,3,0
420,557,0
420,269,0
420,119,0
420,16,0
420,320,0
420,305,0
420,306,0
420,213,0
420,673,0
420,507,0
420,529,0
420,284,0
420,292,0
420,658,0
420,234,0
420,65,0
420,183,0
420,252,0
420,436,0
420,563,0
420,284,0
420,483,0
420,483,0
420,496,0
420,623,0
420,123,0
420,590,0
420,471,0
420,335,0
420,443,0
420,528,0
420,559,0
420,399,0
420,57,0
420,651,0
420,178,0
420,615,0
420,551,0
420,22,0
420,406,0
420,305,0
420,277,0
420,418,0
420,296,0
420,305,0
420,146,0
420,77,0
420,20,0
420,414,0
420,244,0
420,547,0
420,645,0
420,233,0
420,313,0
420,140,0
420,461,0
420,545,0
420,116,0
420,323,0
420,117,0
420,167,0
420,150,0
420,609,0
420,73,0
420,481,0
420,539,0
420,405,0
420,496,0
420,317,0
420,220,0
420,296,0
420,159,0
420,408,0
420,75,0
420,355,0
420,60,0
420,75,0
420,481,0
420,119,0
420,303,0
420,192,0
420,243,0
420,426,0
420,581,0
420,338,0
431,526,0
431,609,0
431,15,0
431,75,0
431,165,0
431,214,0
431,269,0
431,456,0
431,636,0
431,73,0
431,212,0
431,312,0
431,447,0
431,87,0
431,15,0
431,354,0
431,128,0
431,639,0
431,320,0
431,528,0
431,20,0
431,678,0
431,496,0
431,41,0
431,531,0
431,589,0
431,211,0
431,589,0
431,320,0
431,243,0
431,439,0
431,419,0
431,8,0
431,204,0
431,252,0
431,308,0
431,68,0
431,327,0
431,685,0
431,686,0
431,154,0
431,407,0
431,555,0
431,156,0
431,358,0
431,476,0
431,151,0
431,486,0
431,138,0
431,84,0
431,318,0
431,221,0
431,357,0
431,160,0
431,58,0
431,221,0
431,173,0
431,220,0
431,129,0
431,515,0
431,676,0
431,253,0
431,77,0
431,407,0
431,329,0
431,36,0
431,6,0
431,232,0
431,449,0
431,687,0
431,95,0
431,194,0
431,285,0
431,666,0
431,135,0
431,22,0
431,169,0
431,662,0
431,391,0
431,252,0
431,194,0
431,648,0
431,381,0
431,94,0
431,228,0
431,613,0
431,63,0
431,187,0
431,679,0
431,637,0
431,319,0
431,22,0
431,164,0
431,417,0
431,202,0
431,155,0
431,648,0
431,403,0
431,133,0
431,98,0
431,391,0
431,144,0
431,434,0
431,591,0
431,64,0
431,287,0
431,550,0
431,561,0
431,525,0
431,19,0
431,6,0
431,308,0
431,134,0
431,525,0
431,103,0
431,282,0
431,662,0
431,548,0
431,447,0
431,187,0
431,269,0
431,565,0
431,40,0
431,6,0
431,475,0
431,59,0
431,622,0
431,83,0
431,156,0
431,67,0
431,214,0
431,622,0
431,259,0
431,166,0
431,488,0
431,164,0
431,531,0
431,307,0
431,257,0
431,299,0
431,247,0
431,337,0
431,276,0
431,666,0
431,388,0
431,87,0
431,310,0
431,31,0
431,539,0
431,58,0
431,365,0
431,206,0
431,378,0
431,99,0
431,368,0
431,496,0
431,46,0
431,87,0
431,78,0
431,19,0
431,388,0
431,116,0
431,374,0
431,481,0
431,45,0
431,683,0
431,2,0
431,433,0
431,670,0
431,243,0
431,87,0
431,128,0
431,178,0
431,322,0
431,155,0
431,594,0
431,208,0
431,461,0
431,286,0
431,685,0
431,607,0
431,401,0
464,455,0
464,418,0
464,143,0
499,467,0
499,552,0
499,547,0
499,487,0
499,569,0
499,177,0
499,540,0
499,284,0
499,545,0
499,366,0
499,584,0
499,552,0
499,7,0
499,675,0
499,67,0
499,406,0
499,131,0
499,330,0
499,627,0
499,560,0
499,390,0
499,160,0
499,343,0
499,359,0
499,127,0
499,435,0
499,166,0
499,18,0
499,612,0
499,597,0
499,211,0
499,323,0
499,516,0
499,591,0
499,512,0
499,247,0
499,76,0
499,70,0
499,504,0
499,55,0
499,657,0
499,547,0
499,374,0
499,7,0
499,237,0
499,471,0
499,238,0
499,394,0
499,251,0
499,335,0
499,7,0
499,670,0
499,175,0
499,260,0
499,406,0
499,259,0
499,642,0
499,593,0
499,83,0
499,253,0
499,145,0
499,391,0
499,110,0
499,295,0
499,416,0
499,291,0
499,22,0
499,674,0
499,680,0
499,339,0
499,31,0
499,478,0
499,65,0
499,399,0
499,399,0
499,80,0
499,101,0
499,295,0
499,396,0
499,277,0
499,396,0
499,637,0
499,257,0
499,348,0
499,313,0
499,625,0
499,32,0
499,292,0
499,383,0
499,414,0
499,406,0
499,568,0
499,504,0
499,88,0
499,437,0
499,689,0
499,396,0
499,591,0
499,681,0
499,493,0
499,369,0
499,195,0
499,627,0
499,493,0
499,499,0
499,582,0
499,185,0
499,136,0
499,688,0
499,306,0
499,443,0
499,255,0
499,314,0
499,609,0
499,65,0
499,129,0
499,428,0
499,582,0
499,570,0
499,467,0
499,24,0
499,543,0
499,187,0
499,205,0
499,142,0
499,310,0
499,250,0
499,428,0
499,525,0
499,522,0
499,464,0
499,560,0
499,481,0
499,69,0
499,30,0
499,236,0
499,306,0
499,510,0
499,612,0
499,52,0
499,13,0
499,249,0
499,400,0
499,291,0
499,568,0
499,449,0
499,34,0
499,349,0
499,473,0
499,663,0
499,353,0
499,104,0
499,262,0
499,404,0
499,593,0
499,356,0
499,412,0
499,673,0
499,258,0
523,426,0
523,579,0
523,59,0
523,279,0
523,635,0
523,430,0
523,389,0
523,652,0
523,470,0
523,235,0
523,142,0
523,338,0
523,155,0
523,456,0
523,192,0
523,399,0
523,94,0
523,688,0
523,573,0
523,171,0
523,607,0
523,46,0
523,337,0
523,305,0
523,560,0
523,239,0
523,290,0
523,444,0
523,651,0
523,523,0
523,264,0
523,229,0
523,663,0
523,519,0
523,161,0
523,113,0
523,113,0
523,220,0
523,353,0
523,10,0
523,41,0
523,55,0
523,320,0
523,239,0
523,684,0
523,319,0
523,70,0
523,348,0
523,126,0
523,303,0
523,161,0
523,50,0
523,408,0
523,365,0
523,207,0
523,26,0
523,371,0
523,672,0
523,220,0
523,338,0
523,234,0
523,442,0
523,319,0
523,402,0
523,638,0
523,411,0
523,619,0
523,103,0
523,507,0
523,43,0
523,277,0
523,223,0
523,43,0
523,46,0
523,579,0
523,499,0
523,619,0
523,388,0
523,389,0
523,456,0
523,533,0
523,75,0
523,688,0
523,511,0
523,41,0
523,264,0
523,187,0
523,635,0
523,537,0
523,378,0
523,673,0
523,59,0
523,99,0
523,639,0
523,673,0
523,307,0
523,162,0
523,511,0
523,34,0
523,239,0
523,250,0
523,76,0
523,467,0
523,608,0
523,162,0
523,256,0
523,110,0
523,197,0
523,420,0
523,422,0
523,87,0
523,528,0
523,525,0
523,102,0
523,283,0
523,418,0
523,537,0
523,181,0
523,344,0
523,70,0
523,161,0
523,279,0
523,663,0
523,207,0
523,320,0
523,341,0
523,44,0
523,471,0
523,506,0
523,187,0
523,639,0
523,154,0
523,493,0
523,162,0
523,102,0
523,586,0
523,237,0
523,688,0
523,579,0
523,512,0
523,651,0
523,426,0
523,538,0
523,470,0
523,467,0
523,481,0
523,300,0
523,679,0
523,75,0
523,645,0
523,154,0
523,401,0
523,673,0
523,566,0
523,104,0
523,299,0
523,512,0
523,512,0
523,334,0
523,394,0
523,223,0
523,460,0
523,150,0
523,348,0
523,43,0
523,303,0
523,344,0
523,235,0
523,253,0
523,388,0
523,401,0
523,34,0
523,609,0
523,422,0
523,131,0
523,113,0
523,7,0
523,347,0
523,15,0
523,75,0
523,684,0
523,94,0
523,365,0
523,0,0
523,192,0
523,108,0
523,223,0
523,547,0
523,301,0
523,171,0
523,420,0
523,638,0
523,285,0
523,471,0
523,50,0
523,37,0
523,449,0
523,519,0
523,207,0
523,113,0
523,632,0
523,435,0
523,75,0
523,670,0
523,601,0
523,133,0
523,609,0
523,584,0
523,290,0
523,270,0
523,319,0
523,279,0
523,302,0
523,443,0
523,420,0
523,560,0
523,220,0
523,177,0
523,284,0
523,50,0
523,94,0
523,426,0
523,525,0
523,672,0
523,537,0
523,151,0
523,49,0
523,399,0
523,70,0
523,668,0
523,566,0
523,70,0
523,481,0
523,662,0
523,486,0
523,207,0
523,507,0
523,76,0
523,130,0
523,303,0
523,162,0
523,0,0
523,471,0
523,237,0
523,26,0
523,402,0
523,301,0
523,250,0
523,103,0
523,426,0
523,658,0
523,493,0
523,130,0
523,632,0
523,601,0
523,609,0
523,567,0
523,673,0
523,7,0
523,635,0
523,539,0
523,162,0
523,302,0
523,371,0
523,471,0
523,499,0
523,250,0
523,220,0
523,319,0
523,110,0
523,178,0
523,306,0
523,74,0
523,213,0
523,285,0
523,249,0
523,421,0
523,283,0
523,411,0
523,193,0
523,74,0
523,162,0
523,256,0
523,87,0
523,0,0
523,402,0
523,284,0
523,277,0
523,249,0
523,287,0
523,486,0
523,408,0
523,243,0
523,300,0
523,426,0
523,59,0
523,10,0
523,353,0
523,300,0
523,598,0
523,344,0
523,609,0
523,237,0
523,394,0
523,300,0
523,523,0
523,354,0
523,609,0
523,277,0
523,670,0
523,229,0
523,617,0
523,213,0
523,547,0
523,617,0
523,337,0
523,608,0
523,421,0
523,576,0
523,470,0
523,434,0
523,284,0
523,49,0
523,678,0
523,187,0
523,662,0
523,55,0
523,243,0
523,87,0
523,489,0
523,402,0
523,125,0
523,684,0
523,161,0
523,538,0
523,344,0
523,55,0
523,192,0
523,324,0
523,324,0
523,517,0
523,670,0
523,461,0
523,28,0
523,470,0
523,662,0
523,408,0
523,493,0
523,353,0
523,408,0
523,99,0
523,75,0
523,177,0
523,213,0
523,583,0
523,55,0
523,609,0
523,256,0
523,576,0
523,638,0
523,460,0
523,28,0
523,467,0
523,525,0
523,560,0
523,442,0
523,623,0
523,91,0
523,586,0
523,193,0
523,231,0
523,46,0
523,143,0
523,213,0
523,528,0
523,672,0
523,586,0
523,166,0
523,126,0
523,91,0
523,338,0
523,528,0
523,651,0
523,538,0
523,594,0
523,507,0
523,684,0
523,598,0
523,264,0
523,512,0
523,166,0
523,427,0
523,308,0
523,670,0
523,324,0
523,334,0
523,341,0
523,499,0
523,399,0
523,102,0
523,489,0
523,34,0
523,643,0
523,99,0
523,365,0
523,651,0
523,426,0
523,0,0
523,17,0
523,525,0
523,658,0
523,507,0
523,437,0
523,591,0
523,108,0
523,684,0
523,608,0
523,154,0
523,435,0
523,307,0
523,643,0
523,0,0
523,449,0
523,34,0
523,74,0
523,154,0
523,512,0
523,285,0
523,49,0
523,418,0
523,493,0
523,91,0
523,619,0
523,94,0
523,512,0
523,301,0
523,399,0
523,28,0
523,668,0
523,239,0
523,493,0
523,256,0
523,443,0
523,15,0
523,126,0
523,583,0
523,654,0
523,486,0
523,406,0
523,256,0
523,239,0
523,279,0
523,28,0
523,264,0
523,467,0
523,44,0
523,161,0
523,0,0
523,108,0
523,651,0
523,684,0
523,349,0
523,0,0
523,566,0
523,223,0
523,584,0
523,623,0
523,131,0
523,75,0
523,306,0
523,102,0
523,59,0
523,103,0
523,601,0
523,324,0
523,523,0
523,638,0
523,678,0
523,166,0
523,162,0
565,264,0
565,356,0
565,657,0
565,26,0
565,161,0
565,255,0
565,330,0
565,20,0
565,63,0
565,352,0
565,256,0
565,280,0
565,545,0
565,395,0
565,371,0
565,544,0
565,562,0
565,395,0
565,587,0
565,216,0
565,204,0
565,404,0
565,317,0
565,143,0
565,481,0
565,60,0
565,405,0
565,657,0
565,82,0
565,365,0
565,237,0
565,204,0
565,20,0
565,253,0
565,280,0
565,385,0
565,627,0
565,301,0
565,298,0
565,268,0
565,20,0
565,355,0
565,481,0
565,502,0
565,178,0
565,449,0
565,655,0
565,77,0
565,93,0
565,155,0
565,660,0
565,70,0
565,99,0
565,292,0
565,127,0
565,637,0
565,526,0
565,360,0
565,300,0
565,581,0
565,43,0
565,436,0
565,177,0
565,635,0
565,576,0
565,209,0
565,593,0
565,599,0
565,85,0
565,599,0
565,674,0
565,577,0
565,100,0
565,563,0
565,253,0
565,414,0
565,29,0
565,48,0
565,617,0
565,509,0
565,534,0
565,42,0
565,543,0
565,242,0
565,514,0
565,313,0
565,47,0
565,343,0
565,439,0
565,531,0
565,160,0
565,277,0
565,295,0
565,252,0
565,475,0
565,129,0
565,225,0
565,624,0
565,493,0
565,365,0
565,690,0
565,20,0
565,485,0
565,211,0
565,161,0
565,137,0
565,440,0
565,672,0
565,576,0
565,163,0
565,192,0
565,431,0
565,91,0
565,255,0
565,174,0
565,275,0
565,623,0
565,387,0
565,477,0
565,322,0
565,275,0
565,465,0
565,161,0
565,319,0
565,374,0
565,528,0
565,559,0
565,163,0
565,688,0
565,591,0
565,550,0
565,458,0
565,85,0
565,657,0
565,15,0
565,355,0
565,288,0
565,597,0
565,213,0
565,163,0
565,173,0
565,444,0
565,544,0
565,678,0
565,424,0
565,541,0
565,16,0
565,482,0
565,192,0
565,111,0
565,30,0
565,222,0
565,256,0
565,596,0
565,385,0
565,29,0
565,385,0
565,542,0
565,584,0
565,687,0
565,56,0
565,154,0
565,266,0
565,544,0
565,624,0
565,509,0
565,399,0
565,202,0
565,440,0
565,615,0
565,335,0
565,477,0
565,381,0
565,369,0
565,175,0
565,687,0
565,619,0
565,419,0
565,671,0
565,577,0
565,277,0
565,529,0
565,685,0
565,549,0
565,406,0
565,48,0
565,653,0
565,179,0
565,447,0
565,557,0
565,596,0
565,462,0
565,65,0
565,159,0
565,343,0
565,525,0
565,250,0
565,675,0
565,117,0
565,26,0
565,615,0
565,18,0
565,169,0
565,422,0
565,60,0
565,5,0
565,3,0
565,422,0
565,82,0
565,266,0
565,159,0
565,678,0
565,115,0
565,483,0
565,558,0
565,541,0
565,208,0
565,276,0
565,235,0
565,15,0
565,527,0
565,281,0
565,635,0
565,478,0
565,534,0
565,494,0
565,356,0
565,653,0
565,491,0
565,13,0
565,491,0
565,421,0
565,303,0
565,129,0
565,615,0
565,636,0
565,117,0
565,490,0
565,369,0
565,477,0
565,146,0
565,280,0
565,355,0
565,143,0
565,335,0
565,123,0
565,88,0
565,435,0
565,313,0
565,160,0
565,90,0
565,670,0
565,452,0
565,391,0
565,227,0
565,501,0
565,63,0
565,378,0
565,421,0
565,547,0
565,306,0
565,188,0
565,235,0
565,47,0
565,615,0
565,306,0
565,312,0
565,67,0
565,652,0
565,551,0
565,113,0
565,300,0
565,290,0
565,449,0
565,541,0
565,313,0
565,526,0
565,668,0
565,65,0
565,288,0
565,593,0
565,577,0
565,67,0
565,26,0
565,594,0
565,70,0
565,379,0
565,660,0
565,42,0
565,635,0
565,465,0
565,668,0
565,160,0
565,519,0
565,457,0
565,84,0
565,116,0
565,514,0
565,426,0
565,658,0
565,144,0
565,407,0
565,183,0
565,119,0
