TF_gene,Target_gene,Prediction
CTCF,ELF1,0.016940584
MLL3,ELF1,0.0063928654
UBP1,ELF1,0.0075123087
ETS2,ELF1,0.009173799
TARBP2,ELF1,0.0056288023
CIITA,ELF1,0.007947079
TRPS1,ELF1,0.0058967876
TAF6,ELF1,0.0063910214
NOTCH2,ELF1,0.0076306905
ZFML,ELF1,0.007866604
CTCFL,HMG20B,0.0028514466
KDM2B,HMG20B,0.004934987
TOB1,HMG20B,0.0044653392
DPF2,HMG20B,0.004741281
BUB3,HMG20B,0.0039065857
HHEX,HMG20B,0.0042330185
HMGB2,HMG20B,0.005238576
POLR2A,HMG20B,0.008908626
MYEF2,HMG20B,0.0037669668
SNAPC5,HMG20B,0.0044821673
ZFX,PLD3,0.22427082
MAPK14,IL1A,0.65358627
NFKB1,IL1A,0.70772254
MAPK1,IL1A,0.64766276
FOS,IL1A,0.7023506
MAPK3,IL1A,0.62441045
REL,IL1A,0.7036729
NFKBIZ,IL1A,0.6418938
RELA,IL1A,0.7063014
CEBPA,PRR13,0.79194784
CTCF,PRR13,0.7890801
KLF4,PRR13,0.79054075
MEF2A,SRSF1,0.011627962
XBP1,SRSF1,0.00505173
TCF12,SRSF1,0.0043815877
DAZAP2,SRSF1,0.0054437495
HIF1A,SRSF1,0.01146089
BCLAF1,SRSF1,0.005643779
STAT1,SRSF1,0.011577232
EDF1,SRSF1,0.009327397
TAF7,SRSF1,0.0047497866
RBM39,SRSF1,0.0049745813
HIF1A,ITGB2,0.8322052
SFPI1,ITGB2,0.8123521
BIN1,MCM7,0.0065687536
MAFF,MCM7,0.0079746405
CNOT6,MCM7,0.006891119
CIITA,MCM7,0.007444728
HDGF,MCM7,0.0115544405
GTF2I,MCM7,0.008281308
SUPT5H,MCM7,0.0057782903
UBP1,MCM7,0.0070372527
ING1,MCM7,0.0060170554
ELL2,MCM7,0.0067780926
HNRNPD,YBX1,0.010946239
PHB2,YBX1,0.0056277374
BACH1,YBX1,0.014451769
REL,YBX1,0.014694262
MED8,YBX1,0.008437537
SNAPC5,YBX1,0.007379655
ZFML,YBX1,0.0065981275
ZMYM2,YBX1,0.0058805947
GTF2A2,YBX1,0.0071668182
CIITA,YBX1,0.006664122
PHB2,TAF12,0.0054966337
CCRN4L,TAF12,0.007149599
SMARCA4,TAF12,0.007834888
SP1,TAF12,0.014487477
MCM5,TAF12,0.0070148367
TCERG1,TAF12,0.006382034
SRSF5,TAF12,0.0061352914
VDR,TAF12,0.006928926
PA2G4,TAF12,0.010947922
RNF4,TAF12,0.0055126846
ARID1A,SIRT2,0.011735986
ZFML,SIRT2,0.0065673343
STAT6,SIRT2,0.012182272
SRSF3,SIRT2,0.00928728
AGAP3,SIRT2,0.0063972375
ATF2,SIRT2,0.008331688
TCEB2,SIRT2,0.010906766
SUPT6H,SIRT2,0.0057211095
DPF2,SIRT2,0.0077607743
KDM6B,SIRT2,0.007118486
AHR,TIMM23,0.14777751
TCF12,TAF7,0.004595155
EHMT1,TAF7,0.0042052437
THRAP3,TAF7,0.008011483
ZNRD1,TAF7,0.00741241
LASS5,TAF7,0.004732185
NFKBIA,TAF7,0.01006773
RBBP7,TAF7,0.009908878
NAP1L4,TAF7,0.006308772
POLR2D,TAF7,0.007864129
ZMYM2,TAF7,0.004837194
KLF4,CYBA,0.61024153
CTCF,CYBA,0.60798335
NME2,DNMT1,0.011758483
TGIF1,DNMT1,0.020015199
CHD4,DNMT1,0.00901745
BAZ1A,DNMT1,0.008324088
NFIL3,DNMT1,0.00816708
MED15,DNMT1,0.0119492635
SUPT6H,DNMT1,0.007534137
DDB1,DNMT1,0.009067257
MED21,DNMT1,0.010590027
AFF4,DNMT1,0.008414279
KDM2B,HDGF,0.00966179
TCEB2,HDGF,0.013041458
CREBBP,HDGF,0.017320545
DOT1L,HDGF,0.0062725767
MCM6,HDGF,0.010732727
MTA2,HDGF,0.006690816
TAF12,HDGF,0.0097431
H1F0,HDGF,0.006950868
AIP,HDGF,0.0060511287
SMARCC2,HDGF,0.0059365
EHMT1,PARP1,0.0065326635
DENND4A,PARP1,0.008969833
TSG101,PARP1,0.018052174
MED21,PARP1,0.010299742
HMGB2,PARP1,0.010964886
NME2,PARP1,0.011432083
TOX4,PARP1,0.0077712582
NFAT5,PARP1,0.008104724
TRPS1,PARP1,0.0063089696
POLR2F,PARP1,0.019581964
EGR1,RPL10,0.82196206
EGR2,RPL10,0.82375365
BACH1,SH3BGRL3,0.6615373
NFKB1,SQSTM1,0.34294376
NFE2L2,SQSTM1,0.3312482
CTCF,SQSTM1,0.3288464
ZFX,SQSTM1,0.32568094
BACH1,SQSTM1,0.3326075
NFKBIA,SQSTM1,0.31072447
RELA,SQSTM1,0.34137616
EGR1,HDAC1,0.022977917
ZFML,HDAC1,0.01011086
CNOT6,HDAC1,0.009456122
SUPT4H1,HDAC1,0.009023323
UBE2K,HDAC1,0.008916733
CBFA2T3,HDAC1,0.008931478
TCF12,HDAC1,0.0085763745
CTCFL,HDAC1,0.007207676
ASH1L,HDAC1,0.009493544
CBX3,HDAC1,0.011563391
ZFX,COX8A,0.6134644
POLR2K,MED21,0.011774047
NFKB1,MED21,0.015429311
ILK,MED21,0.008486033
CCRN4L,MED21,0.007471452
STAT3,MED21,0.014997359
SND1,MED21,0.0101742335
LASS2,MED21,0.008577107
XBP1,MED21,0.006571825
ARL6IP5,MED21,0.0060142074
GTF2I,MED21,0.007557002
UBP1,MBD2,0.007881518
SMARCA4,MBD2,0.010033998
BATF3,MBD2,0.010970845
DNMT3A,MBD2,0.013694217
ZFP91,MBD2,0.008065923
HIF1A,MBD2,0.018205555
PCBP2,MBD2,0.0093282685
FOS,MBD2,0.01869383
FOSB,MBD2,0.018065535
DEK,MBD2,0.010693631
ZFX,PTGES3,0.47361177
TAF9,APEX1,0.015474271
CTCF,APEX1,0.019111749
ZFHX3,APEX1,0.00951495
TCEB2,APEX1,0.014728599
MED8,APEX1,0.011337503
CSDE1,APEX1,0.013621912
MBD2,APEX1,0.013911776
DDB1,APEX1,0.0093166465
ETV3,APEX1,0.008396367
GTF2F1,APEX1,0.011361554
BHLHE40,TCEB2,0.011140521
AEBP2,TCEB2,0.0066286484
CIITA,TCEB2,0.007791157
CREM,TCEB2,0.0076950463
EGR1,TCEB2,0.017606493
ZFP91,TCEB2,0.0075354995
TOB1,TCEB2,0.008594911
CDC5L,TCEB2,0.012010796
HBP1,TCEB2,0.009221182
DNAJC2,TCEB2,0.008260934
BACH1,PLP2,0.9014585
JUN,PLP2,0.9012911
FOSB,PLP2,0.90190804
FOS,PLP2,0.90005696
JUNB,PLP2,0.90260416
SMARCC2,JUN,0.007909214
ING1,JUN,0.008545939
BUB3,JUN,0.0102013005
MCM4,JUN,0.009457583
ARL6IP5,JUN,0.009359957
CNOT2,JUN,0.009121594
EGR2,JUN,0.023615468
SRSF1,JUN,0.009599514
ELF1,JUN,0.015655776
HMGA1,JUN,0.0084991185
STAT1,GNGT2,0.15189825
KLF4,GNGT2,0.14853516
CTCF,UBE2L6,0.8749384
IRF1,B2M,0.854866
IRF2,B2M,0.85015035
STAT1,B2M,0.8535747
IRF5,B2M,0.8586
IRF4,B2M,0.8400709
XBP1,SUPT16H,0.0068941154
CTCF,SUPT16H,0.015206648
SRRT,SUPT16H,0.0065346295
BTG1,SUPT16H,0.0095769325
RFC1,SUPT16H,0.0064615086
SUB1,SUPT16H,0.00629243
RBPJ,SUPT16H,0.015148255
CREB3,SUPT16H,0.009457123
KLF4,SUPT16H,0.015257101
WBP11,SUPT16H,0.008498837
JUNB,EEF1A1,0.87804466
FOS,EEF1A1,0.8748284
TRP53,EEF1A1,0.878401
JUN,EEF1A1,0.8754529
ZFX,EEF1A1,0.87541425
BACH1,EEF1A1,0.8758954
FOSB,EEF1A1,0.87655365
CTCF,BOLA2,0.805525
AHR,BOLA2,0.8044387
TOX4,MKL2,0.006364427
TSG101,MKL2,0.014814873
ZMYND11,MKL2,0.0053303014
SRSF3,MKL2,0.009736412
SFPQ,MKL2,0.007777794
AEBP2,MKL2,0.005926331
BATF3,MKL2,0.009164542
KDM5A,MKL2,0.006267782
SIRT7,MKL2,0.006455769
SRRM1,MKL2,0.006544834
AIP,RBPJ,0.008518046
THRAP3,RBPJ,0.016262906
RNPS1,RBPJ,0.010075313
SMARCA4,RBPJ,0.0134203285
NME2,RBPJ,0.014994762
SFPQ,RBPJ,0.012459231
KLF10,RBPJ,0.0117466925
CSDE1,RBPJ,0.016906146
CNOT2,RBPJ,0.009633238
GTF2B,RBPJ,0.015157576
KLF4,PRDX2,0.52657485
CEBPA,PRDX2,0.52915245
NFE2L2,PRDX2,0.5269392
ILK,ELL2,0.0064127445
APEX1,ELL2,0.008890666
SERTAD2,ELL2,0.0057441243
FUBP3,ELL2,0.0044354387
MYST2,ELL2,0.005172754
ETS2,ELL2,0.005926626
CDC5L,ELL2,0.00790868
VDR,ELL2,0.0054661785
SRSF3,ELL2,0.007184759
HMGA1,ELL2,0.004115656
CTCF,COX5A,0.7157253
ZFX,COX5A,0.7127886
BAZ1A,TRP53,0.0102272555
HSBP1,TRP53,0.016386578
HBP1,TRP53,0.0126778055
NFKBIZ,TRP53,0.016140949
PHB2,TRP53,0.009081686
DOT1L,TRP53,0.008485588
ZFP148,TRP53,0.009434805
TAF7,TRP53,0.009764594
ZMYND11,TRP53,0.008221617
FLI1,TRP53,0.009237764
RFX7,NFX1,0.0071621235
CNOT6L,NFX1,0.008190063
RUNX1,NFX1,0.006169755
SKI,NFX1,0.005584224
UBTF,NFX1,0.0063612163
SIRT7,NFX1,0.005830982
CSDE1,NFX1,0.009553031
PBRM1,NFX1,0.0061780675
BCLAF1,NFX1,0.00679367
SUPT4H1,NFX1,0.0055542663
ZFX,SRSF5,0.011176466
PA2G4,SRSF5,0.008988975
CNOT6,SRSF5,0.0049330536
TCEA1,SRSF5,0.0055534765
USF2,SRSF5,0.011682583
FUBP3,SRSF5,0.004615404
GATAD2A,SRSF5,0.0052999207
HBP1,SRSF5,0.0063080103
SRSF3,SRSF5,0.0074718306
TCEB1,SRSF5,0.008500597
MCM6,AES,0.00875428
SSB,AES,0.010721144
PBRM1,AES,0.0063643637
MYD88,AES,0.012955335
CCRN4L,AES,0.007126569
AKT1,AES,0.0060121096
POLR1D,AES,0.006486613
CREM,AES,0.006398135
RBBP4,AES,0.007647937
BACH1,AES,0.0140210185
NFKBIA,SUMO2,0.8293291
EGR2,SUMO2,0.8413998
CTCF,SUMO2,0.8345198
REL,SUMO2,0.83900696
JMJD1C,RNF4,0.0040248763
CHD7,RNF4,0.0042770994
STAT3,RNF4,0.010836844
ID3,RNF4,0.00622525
SRSF1,RNF4,0.004440398
XBP1,RNF4,0.004731085
KPNA2,RNF4,0.005194801
CREB3,RNF4,0.0065039094
EIF5B,RNF4,0.010757177
CNOT8,RNF4,0.0054277102
POLR3K,UBTF,0.007451165
CBX3,UBTF,0.006842365
AKT1,UBTF,0.0056049763
PA2G4,UBTF,0.01016615
TRPS1,UBTF,0.0044800616
USF2,UBTF,0.013207805
MYD88,UBTF,0.012088786
ZFP36,UBTF,0.009269742
DAB2,UBTF,0.008320471
EIF5B,UBTF,0.013245924
UBP1,RBBP7,0.009431784
CTCF,RBBP7,0.021196196
PBRM1,RBBP7,0.009800192
TAF6,RBBP7,0.008026313
NFX1,RBBP7,0.010326106
TCEA1,RBBP7,0.010389844
ZMYND11,RBBP7,0.0076423544
ZMYM2,RBBP7,0.008817032
ZFP410,RBBP7,0.007826138
KLF10,RBBP7,0.010502789
FOS,FTL1,0.6505321
JUNB,FTL1,0.6558804
ZFX,FTL1,0.6386115
JUN,FTL1,0.6430857
FOSB,FTL1,0.64789784
CTCF,FTL1,0.6419256
KLF4,ASS1,0.64112425
PER1,MAPK3,0.008330762
CHD1,MAPK3,0.007157219
TLR4,MAPK3,0.0070444364
CHD7,MAPK3,0.006180105
SIRT7,MAPK3,0.006549896
DAB2,MAPK3,0.009745249
HBP1,MAPK3,0.008360387
ZBTB7A,MAPK3,0.0069483835
SUZ12,MAPK3,0.00589899
RLIM,MAPK3,0.0075732116
ZNRD1,TCERG1,0.008263876
TSC22D4,TCERG1,0.0057443827
FXR1,TCERG1,0.006934254
POLR2J,TCERG1,0.009379848
SIRT7,TCERG1,0.0056652217
DAB2,TCERG1,0.008414099
MCM7,TCERG1,0.0081642065
TLR4,TCERG1,0.006093373
TCERG1,TCERG1,0.006000737
RBPJ,TCERG1,0.012996063
LDB1,UBP1,0.007907841
POLR2G,UBP1,0.01316125
MATR3,UBP1,0.008259719
POLR2A,UBP1,0.013059815
POLR2H,UBP1,0.0068435417
ARID1A,UBP1,0.010535775
MCM6,UBP1,0.008053679
IRF2,UBP1,0.013142918
FLI1,UBP1,0.0051265955
SNRPB,UBP1,0.007861656
KLF4,ATP6V0E,0.80294794
GTF2F1,RDBP,0.0073154434
PREB,RDBP,0.0050075534
IRF1,RDBP,0.0129769435
SNAPC5,RDBP,0.006383737
AFF4,RDBP,0.0055549038
NCOA3,RDBP,0.012658523
TCERG1,RDBP,0.0056629255
CHD1,RDBP,0.005841312
PCBP2,RDBP,0.006459342
COPS2,RDBP,0.005569151
ID2,TPT1,0.8149424
SKIL,TPT1,0.7724121
TRP53,TPT1,0.8249765
CEBPA,TPT1,0.81902564
SP1,TPT1,0.8193037
ZFX,POLDIP3,0.29916283
SP1,PDPN,0.88366205
FOS,PDPN,0.883729
ZFX,TXN1,0.8842743
APEX1,TXN1,0.8829661
HIF1A,TXN1,0.88517475
IVNS1ABP,KLF13,0.00538913
HAX1,KLF13,0.0072540473
BATF3,KLF13,0.008594813
ARL6IP5,KLF13,0.0057781283
CCRN4L,KLF13,0.007178591
MYD88,KLF13,0.013056737
DOT1L,KLF13,0.005156562
MAPK3,KLF13,0.009078768
KLF6,KLF13,0.007540786
DDX5,KLF13,0.011345684
HCFC1,EZH2,0.011126483
SSRP1,EZH2,0.008352282
HNRNPAB,EZH2,0.009971813
CENPB,EZH2,0.0073551782
ZFHX3,EZH2,0.009857984
CIITA,EZH2,0.009298642
AGAP3,EZH2,0.008966824
CHD4,EZH2,0.00959961
TAF6,EZH2,0.0074799405
KDM5A,EZH2,0.008371863
TAF6,KDM5A,0.004223103
HCLS1,KDM5A,0.00844399
SRRM1,KDM5A,0.004937868
DPF2,KDM5A,0.0061491644
PARP1,KDM5A,0.008080943
POLR2G,KDM5A,0.011629377
SMARCE1,KDM5A,0.0038975857
TAF7,KDM5A,0.0047789267
KPNA2,KDM5A,0.0055776476
STAT3,KDM5A,0.011628746
TNFAIP3,POLR2B,0.00706086
EDF1,POLR2B,0.007832813
CTCF,POLR2B,0.009389844
SMARCA4,POLR2B,0.0052856216
RBBP7,POLR2B,0.00794417
HHEX,POLR2B,0.0045824954
LMO4,POLR2B,0.00432266
SRSF1,POLR2B,0.0039788405
CNOT6,POLR2B,0.0040557035
RDBP,POLR2B,0.0045485874
KLF4,ANXA2,0.85020095
UBE2K,SMARCB1,0.007686549
TBPL1,SMARCB1,0.0106850285
COPS2,SMARCB1,0.00850424
KLF6,SMARCB1,0.01017035
IRF2,SMARCB1,0.019363176
PHB2,SMARCB1,0.007449881
ATF3,SMARCB1,0.014138052
ZFP91,SMARCB1,0.008518758
SKI,SMARCB1,0.0078200055
RBM39,SMARCB1,0.008389802
SRSF1,PA2G4,0.0079899635
MED8,PA2G4,0.011111294
CBFA2T3,PA2G4,0.0076912604
TRPS1,PA2G4,0.0065288926
ARL6IP5,PA2G4,0.007790227
NCOR2,PA2G4,0.008229432
DNAJC2,PA2G4,0.009318351
FOSL2,PA2G4,0.007814343
COPS2,PA2G4,0.008496118
EGR2,PA2G4,0.019715894
ZFX,CD63,0.78290766
NR3C1,ZFML,0.012174935
SKIL,ZFML,0.008158305
SMAD2,ZFML,0.0065177516
MED8,ZFML,0.0070354464
DEK,ZFML,0.007144933
NCOR2,ZFML,0.0051999344
ASH1L,ZFML,0.0051660077
KDM5C,ZFML,0.004070178
FOXN2,ZFML,0.006369984
MTA2,ZFML,0.004685154
APEX1,TCEB1,0.013881847
RBBP7,TCEB1,0.014497693
SMARCE1,TCEB1,0.0059552877
CREM,TCEB1,0.007921837
CTBP1,TCEB1,0.006695679
DEK,TCEB1,0.010303252
TCF7L2,TCEB1,0.0107138185
KLF10,TCEB1,0.0084462855
WHSC1L1,TCEB1,0.00839986
CNOT6L,TCEB1,0.010455931
ZMYND11,HBP1,0.0047339867
AFF4,HBP1,0.005961187
DDX5,HBP1,0.010783505
CREB3,HBP1,0.008231075
PARP1,HBP1,0.00952553
TSC22D4,HBP1,0.005816407
ZFP410,HBP1,0.0048481766
GTF2F1,HBP1,0.007855662
SIRT2,HBP1,0.0076010586
ZFP148,HBP1,0.0054354845
ZFP91,EHMT2,0.0056987833
MED15,EHMT2,0.008067671
RUVBL2,EHMT2,0.006723588
ARID1A,EHMT2,0.010425705
UBP1,EHMT2,0.0055681984
NFE2L2,EHMT2,0.012139002
TARBP2,EHMT2,0.004170074
TAF7,EHMT2,0.0053586303
CIC,EHMT2,0.0046328
BIN1,EHMT2,0.00519699
TCEB2,ATF4,0.010731329
TSC22D4,ATF4,0.006130278
CXXC1,ATF4,0.0051910076
TBPL1,ATF4,0.007929204
MCM6,ATF4,0.008829071
CREBBP,ATF4,0.014265
POLR2H,ATF4,0.007497864
RBL2,ATF4,0.0075939726
POLR2K,ATF4,0.011319707
EHMT1,ATF4,0.0050088484
BACH1,S100A4,0.90412694
TRP53,S100A4,0.9053504
JUN,S100A4,0.9039992
FOSB,S100A4,0.9045647
FOS,S100A4,0.902723
JUNB,S100A4,0.9052419
MEF2A,S100A4,0.90232766
ZFX,PSMA3,0.22380194
IRF1,PSMA3,0.23622538
CTCF,PSMA3,0.22630945
IRF2,PSMA3,0.22820422
COPS2,SUPT5H,0.004500018
UPF1,SUPT5H,0.009992481
KDM5A,SUPT5H,0.0041936385
FLI1,SUPT5H,0.004008195
TCOF1,SUPT5H,0.004831626
AES,SUPT5H,0.0049522817
POLR2E,SUPT5H,0.010474215
NOTCH2,SUPT5H,0.0044739367
HCFC1,SUPT5H,0.005586896
HDAC1,SUPT5H,0.009855685
AHR,ETFB,0.8985799
MKL2,NCOR2,0.00667211
BIN1,NCOR2,0.0048714564
ZFP410,NCOR2,0.004327837
CHD4,NCOR2,0.0057017882
EIF5B,NCOR2,0.012121957
TCF12,NCOR2,0.0046337415
UBE2K,NCOR2,0.0048186164
RELA,NCOR2,0.012334561
GTF2B,NCOR2,0.0075256065
RDBP,NCOR2,0.0057313414
ZFX,ATP5B,0.84847796
ZFX,RPS5,0.47411147
KLF4,RPS5,0.48004353
TBPL1,ZEB2,0.0075691063
ZFX,ZEB2,0.013040065
MED8,ZEB2,0.007879763
HCLS1,ZEB2,0.010004508
KHDRBS1,ZEB2,0.00488692
SIN3B,ZEB2,0.008705144
FOSB,ZEB2,0.013544236
POLR2J,ZEB2,0.009572867
ZFHX3,ZEB2,0.0066059483
GTF2A1,ZEB2,0.009355227
MITF,TCEB3,0.007124123
ILK,TCEB3,0.008620241
ZFML,TCEB3,0.0068355994
REL,TCEB3,0.015187609
POLR2J,TCEB3,0.010594974
ID3,TCEB3,0.008767183
NR4A1,TCEB3,0.006907118
KDM5A,TCEB3,0.006215829
TAX1BP3,TCEB3,0.008819279
EDF1,TCEB3,0.012297855
SP1,HINT1,0.3608612
AHR,HINT1,0.35392624
CEBPA,HINT1,0.35860327
NFAT5,TRPS1,0.0042788973
ILF3,TRPS1,0.005562751
TAF12,TRPS1,0.0055167535
HCLS1,TRPS1,0.007219867
HNRNPAB,TRPS1,0.004816696
STAT6,TRPS1,0.008262278
JMJD1C,TRPS1,0.0036941567
FOS,TRPS1,0.010127333
DDB1,TRPS1,0.004660885
MED8,TRPS1,0.0056831227
RBM39,HNRNPD,0.008198636
IRF4,HNRNPD,0.013865558
PAPOLA,HNRNPD,0.008470888
CSDE1,HNRNPD,0.013061746
ARL6IP5,HNRNPD,0.007620107
TCEA1,HNRNPD,0.0089616515
TOX4,HNRNPD,0.007866238
EHMT2,HNRNPD,0.008798708
BUB3,HNRNPD,0.008306173
WBP11,HNRNPD,0.010258213
USF2,IRF2,0.024846071
SUB1,IRF2,0.010113684
POLR2B,IRF2,0.008225799
HIF1A,IRF2,0.024881644
ARID1B,IRF2,0.008745144
TUBA1A,IRF2,0.010483921
POLR2J,IRF2,0.017509319
CHD1,IRF2,0.011594285
DNMT3A,IRF2,0.018746028
SRSF5,IRF2,0.010809884
AHR,EEF1G,0.8293001
SNRPD1,SNRPG,0.8352985
SRSF9,SNRPG,0.81866676
POLR2K,SNRPG,0.84485835
SRSF1,SNRPG,0.76594496
SRSF6,SNRPG,0.8066929
POLR2G,SNRPG,0.8539233
POLR2E,SNRPG,0.8531536
GTF2F1,SNRPG,0.8116953
POLR2D,SNRPG,0.8204141
POLR2H,SNRPG,0.8013288
CIC,BUB3,0.0042517455
RBBP7,BUB3,0.009797255
TLR4,BUB3,0.005391549
MLL2,BUB3,0.0057499683
BTG1,BUB3,0.0072806017
TCOF1,BUB3,0.00560605
ZFP410,BUB3,0.0042374344
CNOT6L,BUB3,0.007056518
POLR2D,BUB3,0.007775351
POLR2G,BUB3,0.011974027
RUNX1,NFKB1,0.010884977
RDBP,NFKB1,0.011513005
HBP1,NFKB1,0.01310978
NFAT5,NFKB1,0.0105786715
TUBA1A,NFKB1,0.010160772
FLI1,NFKB1,0.0095518
LMO4,NFKB1,0.010943834
MITF,NFKB1,0.011444252
JMJD1C,NFKB1,0.00914072
MCM6,NFKB1,0.014967249
IRF1,LY86,0.40158
IRF2,LY86,0.39081708
APEX1,ZFP36,0.014186442
ELL2,ZFP36,0.0074729067
SRRT,ZFP36,0.007526721
ING1,ZFP36,0.0066343844
CTCFL,ZFP36,0.0057886597
NFIL3,ZFP36,0.00767371
DDB1,ZFP36,0.0085201
BCLAF1,ZFP36,0.008863585
SERTAD2,ZFP36,0.009185905
NFKBIA,ZFP36,0.015052126
NCOA4,CHD4,0.0063085635
POLR2G,CHD4,0.013572003
CREBBP,CHD4,0.0134248305
EHMT1,CHD4,0.0047188867
DNMT1,CHD4,0.010495607
TRP53,CHD4,0.01386844
TCF7L2,CHD4,0.008201384
TFDP1,CHD4,0.0047089667
BHLHE40,CHD4,0.008773794
EGR2,CHD4,0.013813665
ZFX,ATPIF1,0.6786583
JUNB,NOTCH2,0.0129363015
AHR,NOTCH2,0.012746153
FOS,NOTCH2,0.013020889
POLR2K,NOTCH2,0.01003659
ZEB2,NOTCH2,0.006455848
POLR3K,NOTCH2,0.007140398
KLF6,NOTCH2,0.0066876314
FOSB,NOTCH2,0.012580826
SNAPC5,NOTCH2,0.006401094
CNOT2,NOTCH2,0.004992416
TRP53,TUBB5,0.8760566
STAT3,TUBB5,0.8740404
CTCF,ARL8B,0.82483894
EGR2,ARL8B,0.8326283
ID3,H1F0,0.0068531055
SRSF6,H1F0,0.0068087894
TCEB3,H1F0,0.006279227
ZFP36L1,H1F0,0.0071478602
TBPL1,H1F0,0.006549167
KDM5C,H1F0,0.0039353757
HOPX,H1F0,0.0060581136
NCOR1,H1F0,0.0060458686
USF2,H1F0,0.01180256
FOS,H1F0,0.012139281
MCM4,SNRPB,0.006652422
SRSF1,SNRPB,0.0067524174
SRSF9,SNRPB,0.010012063
FOS,SNRPB,0.016694572
GTF2A1,SNRPB,0.011151945
CSDA,SNRPB,0.007382107
ZFHX3,SNRPB,0.0078835655
RUNX1,SNRPB,0.007293789
MYD88,SNRPB,0.014862036
NFX1,SNRPB,0.0076966523
MYEF2,LASS5,0.004681556
XBP1,LASS5,0.0048661726
SKI,LASS5,0.004465458
SIN3B,LASS5,0.0070354403
RLIM,LASS5,0.0053899125
CNOT8,LASS5,0.005580129
ELF1,LASS5,0.007485794
TNFAIP3,LASS5,0.008101241
CCRN4L,LASS5,0.0055345926
SUZ12,LASS5,0.0041988273
NR3C1,ATP5L,0.5657131
KLF4,CRIP1,0.86095744
CTCF,CRIP1,0.8599577
TNFAIP3,PAPOLA,0.008858313
ATF2,PAPOLA,0.006915231
MBD2,PAPOLA,0.0085531
HMGB2,PAPOLA,0.007115019
FXR1,PAPOLA,0.0062456345
MKL2,PAPOLA,0.00665308
MED1,PAPOLA,0.009155829
PA2G4,PAPOLA,0.009274592
ELL2,PAPOLA,0.0050078407
BTG2,PAPOLA,0.0066693677
STAT3,CD74,0.34168965
RELA,CD74,0.3455908
STAT1,CD74,0.34101772
REL,CD74,0.3427428
BAZ1A,SMARCE1,0.0042131045
DDX5,SMARCE1,0.0077129626
ARID1A,SMARCE1,0.007845259
CDC5L,SMARCE1,0.0068289656
DPF2,SMARCE1,0.0051810127
GTF2F1,SMARCE1,0.005614078
WHSC1L1,SMARCE1,0.004634027
RFX7,SMARCE1,0.0050430135
ID2,SMARCE1,0.008467382
UBE2K,SMARCE1,0.0038579481
KLF4,GSTM1,0.84335977
JUN,GSTM1,0.8426556
CTCF,GSTM1,0.8421907
CTCF,NPM1,0.69251645
SRSF2,NPM1,0.6537584
SSB,NPM1,0.6446476
DDX5,NPM1,0.6599388
RBBP4,NPM1,0.5774198
ZFX,NPM1,0.68944407
RBBP7,NPM1,0.6562372
TRP53,NPM1,0.7076513
EGR2,ATP6V0C,0.86359286
JUN,ATP6V0C,0.8592157
TCF12,TOX4,0.0044370187
MLL3,TOX4,0.0042516785
MCM5,TOX4,0.0057076467
MCM7,TOX4,0.007077427
PARP1,TOX4,0.008134391
SRRT,TOX4,0.0048484015
GATAD2A,TOX4,0.0052580633
PER1,TOX4,0.0062333206
KLF6,TOX4,0.006116946
AGAP3,TOX4,0.005098664
CENPB,MAPK1,0.006499406
CSDA,MAPK1,0.008159744
ZFHX3,MAPK1,0.008713558
CHD4,MAPK1,0.008484918
MLL3,MAPK1,0.006611655
CIC,MAPK1,0.0064663845
GATAD2A,MAPK1,0.008172303
BTG1,MAPK1,0.011045512
MAPK14,MAPK1,0.014032409
NCOR2,MAPK1,0.0076880655
RELA,FTH1,0.35882333
BACH1,FTH1,0.34984457
CREBBP,FTH1,0.35232484
NFKB1,FTH1,0.36042723
FOS,H2-K1,0.8968231
IRF1,H2-K1,0.89846796
STAT1,H2-K1,0.898126
IRF5,H2-K1,0.9004042
IRF4,H2-K1,0.900274
CTCF,H2-K1,0.897863
IRF2,H2-K1,0.89586496
CTCF,ALOX5AP,0.7667848
ING1,POLR2E,0.009182998
H1F0,POLR2E,0.009946383
TLR4,POLR2E,0.011319798
MED15,POLR2E,0.015502105
MED27,POLR2E,0.018518133
STAT3,POLR2E,0.024910215
CTBP1,POLR2E,0.009480844
GATAD2A,POLR2E,0.011290017
PCBP2,POLR2E,0.01269836
GTF2I,POLR2E,0.012624312
MCM6,ELF2,0.005261182
NR4A1,ELF2,0.0038831334
CEBPA,ELF2,0.008490275
SFPQ,ELF2,0.004342518
TRERF1,ELF2,0.0038573015
IRF5,ELF2,0.008960855
NCOR1,ELF2,0.0043596323
CBFA2T3,ELF2,0.0033920377
AHR,ELF2,0.00858275
YEATS4,ELF2,0.0036568567
IRF2,NR3C1,0.023637813
RFC1,NR3C1,0.009776654
CBX3,NR3C1,0.0122022275
POLR2H,NR3C1,0.012369837
SFPI1,NR3C1,0.018072803
SKI,NR3C1,0.009573884
AIP,NR3C1,0.008223297
HCLS1,NR3C1,0.0172463
BUB3,NR3C1,0.010405456
POLR2B,NR3C1,0.007730269
MED15,PCBP2,0.008469444
SIRT7,PCBP2,0.0057308855
AES,PCBP2,0.006568794
MED8,PCBP2,0.007821574
CENPB,PCBP2,0.0048865373
CTNNB1,PCBP2,0.013346831
RBBP4,PCBP2,0.0073052975
COPS5,PCBP2,0.0058307243
TRIM28,PCBP2,0.0074618617
MCM7,PCBP2,0.008270925
RELA,PSME2,0.6463262
NFKB1,PSME2,0.64789283
IRF2,PSME2,0.6357398
IRF1,PSME2,0.64614916
STAT1,FCF1,0.9041769
KLF4,RPS19,0.50406307
TRP53,RPS19,0.51960456
ZFX,RPS19,0.49811858
CTCF,RPS19,0.501713
TCEB3,ZMYM2,0.00592055
EZH2,ZMYM2,0.008386312
SRSF6,ZMYM2,0.0064200615
KDM5C,ZMYM2,0.0037173936
FOSL2,ZMYM2,0.0045093303
CTCFL,ZMYM2,0.0035785693
CNOT8,ZMYM2,0.0056341854
EGR1,ZMYM2,0.011507666
TARBP2,ZMYM2,0.0035940106
BAZ1A,ZMYM2,0.0048387526
ARID1A,UBB,0.7325049
BACH1,ITM2B,0.833282
HDAC1,HIST1H2BC,0.6960313
CTCF,HIST1H2BC,0.6903709
MEF2A,HIST1H2BC,0.69522285
AHR,HIST1H2BC,0.69014686
NFAT5,VDAC3,0.8058687
CEBPA,1500032L24RIK,0.890225
BACH1,1500032L24RIK,0.89043677
KLF4,1500032L24RIK,0.8905933
CREM,DDX5,0.008731403
GTF2E2,DDX5,0.01085778
BTF3,DDX5,0.018921817
ETV3,DDX5,0.008271563
JUP,DDX5,0.009828941
DNMT1,DDX5,0.0150832785
NFE2L2,DDX5,0.018163858
RLIM,DDX5,0.009468418
NCOR2,DDX5,0.008271273
POLR2C,DDX5,0.009626866
TSG101,VPS28,0.43019518
TRP53,VPS28,0.4510874
ID3,TSG101,0.014117076
PBRM1,TSG101,0.010938813
JUN,TSG101,0.023726054
ZMYM2,TSG101,0.0098425625
MED21,TSG101,0.013483585
BCLAF1,TSG101,0.012023686
KLF4,TSG101,0.023707123
SMARCE1,TSG101,0.008278795
LASS5,TSG101,0.009629737
HTATIP2,TSG101,0.0093576405
DAB2,TAF9,0.012839767
CNOT6L,TAF9,0.0121462885
TGIF1,TAF9,0.021359032
SIRT2,TAF9,0.011430116
ETS2,TAF9,0.010774338
HDGF,TAF9,0.014472506
STAT1,TAF9,0.020564357
NFKBIZ,TAF9,0.014037957
MED27,TAF9,0.015249129
SUPT16H,TAF9,0.01211316
TSC22D4,KLF10,0.0057326755
ZBTB7A,KLF10,0.005997964
HAX1,KLF10,0.0067785224
CENPB,KLF10,0.0048206453
SRSF5,KLF10,0.0057568937
PHB2,KLF10,0.0051574255
CSDA,KLF10,0.0060547437
SFPQ,KLF10,0.0068125688
MLL2,KLF10,0.0064849104
CREM,KLF10,0.006022066
CTCF,ATP5F1,0.7928448
HNRNPK,MLL3,0.006994337
HNRNPAB,MLL3,0.005104923
POLR2F,MLL3,0.011032533
BTG1,MLL3,0.006405105
WHSC1L1,MLL3,0.004982934
EZH2,MLL3,0.0078575425
SRSF2,MLL3,0.007816687
KDM2B,MLL3,0.005797701
MLL2,MLL3,0.00506007
KLF10,MLL3,0.0050105574
CTCF,MRPL20,0.16757649
CTCF,CLEC4D,0.25746173
MAPK1,WHSC1L1,0.009711897
CEBPA,WHSC1L1,0.013200083
RUVBL2,WHSC1L1,0.00691382
HHEX,WHSC1L1,0.0063348985
KLF6,WHSC1L1,0.0070027043
SMARCA5,WHSC1L1,0.007148733
GTF2B,WHSC1L1,0.008255267
MCM5,WHSC1L1,0.006537812
SNRPB,WHSC1L1,0.007999164
SRSF1,WHSC1L1,0.0055016717
STAT1,NEDD8,0.81002635
TCEB2,NEDD8,0.78380764
BACH1,NEDD8,0.807883
CTCF,EMP3,0.7803131
ASH1L,TBPL1,0.006400631
ETS2,TBPL1,0.007949854
CNOT8,TBPL1,0.007637203
CREM,TBPL1,0.0068015372
SUZ12,TBPL1,0.005751078
POLR2I,TBPL1,0.014004088
SKI,TBPL1,0.0061156736
CREB3,TBPL1,0.009137074
ZFP91,TBPL1,0.006663159
PCBD2,TBPL1,0.006133695
HAX1,EIF5B,0.012201326
CTNNB1,EIF5B,0.023539968
AEBP2,EIF5B,0.0093522845
FOXJ3,EIF5B,0.009792999
BAZ1A,EIF5B,0.010466877
SP1,EIF5B,0.024300387
AIP,EIF5B,0.008379387
JUNB,EIF5B,0.024372458
CENPB,EIF5B,0.008689929
MDM2,EIF5B,0.009350394
ZFX,ATP5G2,0.87957734
NFE2L2,MGST1,0.43877795
AHR,MGST1,0.4359449
SP1,MGST1,0.44338405
SF1,SUPT6H,0.009149451
MED21,SUPT6H,0.0062943622
ZBTB7A,SUPT6H,0.005101519
SNAPC5,SUPT6H,0.005737461
SRRT,SUPT6H,0.004755773
CTCF,SUPT6H,0.011096517
EZH2,SUPT6H,0.0085587995
ARID1B,SUPT6H,0.0039545544
TSC22D4,SUPT6H,0.0048756762
TNFAIP3,SUPT6H,0.00834779
HDAC1,PPIA,0.650034
TRP53,PPIA,0.660308
ZFX,PPIA,0.64064944
SP1,PPIA,0.65067756
AHR,PPIA,0.643737
MBD2,PPIA,0.5816598
KLF4,PPIA,0.64612675
CTCF,RAB32,0.7995417
AHR,DBI,0.7900839
HIF1A,ALDOA,0.8727396
BACH1,ALDOA,0.8720313
CREBBP,ALDOA,0.8723671
CHD7,COPS2,0.0049178647
MED21,COPS2,0.0068225684
FXR1,COPS2,0.0063808104
RBPJ,COPS2,0.011976526
NAP1L4,COPS2,0.0064792293
KLF13,COPS2,0.006359028
MYST2,COPS2,0.005674598
TAF7,COPS2,0.0051144934
ELF1,COPS2,0.008360082
FLI1,COPS2,0.004836976
STAT3,SAT1,0.8257879
CTCF,SAT1,0.8215369
IRF1,SAT1,0.8272566
CTCF,H2AFV,0.7512838
HDAC1,H2AFV,0.7562239
JUN,PLAUR,0.52224725
SP1,PLAUR,0.52836674
NFKB1,PLAUR,0.53674525
HIF1A,PLAUR,0.52949995
STAT1,PLAUR,0.52996343
CEBPA,UBC,0.6263007
IRF5,UBC,0.6446198
CTCF,UBC,0.62168854
SF1,UBC,0.5891046
PARP1,UBC,0.5518543
DNMT1,UBC,0.5826273
FOS,UBC,0.6305015
TSG101,UBC,0.61855686
BACH1,UBC,0.62568086
RELA,UBC,0.6349102
TGIF1,YWHAZ,0.8174658
SMARCB1,YWHAZ,0.7802956
MATR3,YWHAZ,0.75042546
LDB1,YWHAZ,0.73740584
ARID1A,YWHAZ,0.7866191
KLF4,YWHAZ,0.8085466
SFPQ,YWHAZ,0.7172251
JUN,YWHAZ,0.8078328
ZFX,RPL14,0.90026
NCOA3,LGALS3,0.7547664
CENPB,ZFP91,0.0045769806
RELA,ZFP91,0.01292585
RFC1,ZFP91,0.0052498863
ILK,ZFP91,0.0072340234
SFPI1,ZFP91,0.009744508
FOS,ZFP91,0.013027679
NFKBIA,ZFP91,0.010640643
TAF7,ZFP91,0.0052671814
JMJD1C,ZFP91,0.004766268
TCERG1,ZFP91,0.005686147
CTCF,RPL35,0.7882787
ZFX,RPL35,0.7861751
EIF5B,FAU,0.7907258
UPF1,FAU,0.78877574
ZFX,OAZ1,0.1324613
CEBPA,OAZ1,0.13641551
CTCF,OAZ1,0.13411821
ZFX,GPX4,0.64750284
KLF4,GPX4,0.6529323
EGR1,MAP1LC3B,0.21675014
KLF4,MAP1LC3B,0.20826085
BUB3,SRSF9,0.0071586254
NFAT5,SRSF9,0.0070702494
RBBP4,SRSF9,0.008754147
CNOT2,SRSF9,0.006399099
ZFP148,SRSF9,0.0065184073
MDM2,SRSF9,0.006311131
SUZ12,SRSF9,0.0061931605
MATR3,SRSF9,0.010279308
CTNNB1,SRSF9,0.015974615
HMGB2,SRSF9,0.009575227
CTNNB1,PSMB1,0.74784124
ZFP148,NR4A1,0.004988254
PCBP2,NR4A1,0.0063546584
JUNB,NR4A1,0.012699639
LDB1,NR4A1,0.0075429846
SF1,NR4A1,0.010011802
RFC1,NR4A1,0.005146657
SKI,NR4A1,0.005039756
NCOA3,NR4A1,0.012454621
RELA,NR4A1,0.01268276
EHMT1,NR4A1,0.004359357
ZMYND11,WBP11,0.0052782306
SRSF3,WBP11,0.009643498
KHDRBS1,WBP11,0.00540966
RLIM,WBP11,0.007385141
ETS2,WBP11,0.007958569
ZFP36,WBP11,0.010575258
NFX1,WBP11,0.0071377694
TOX4,WBP11,0.0063023274
NCOR1,WBP11,0.007733928
IRF2,WBP11,0.015193942
EWSR1,MEF2A,0.011614652
IRF5,MEF2A,0.026029985
SSB,MEF2A,0.018820394
TRPS1,MEF2A,0.008484135
ETV3,MEF2A,0.010681502
SRSF5,MEF2A,0.010779858
SNRPB,MEF2A,0.015025675
CIC,MEF2A,0.008987552
RUVBL2,MEF2A,0.013013494
ATF4,MEF2A,0.014101191
RAD51,RAD51,0.0057256846
TARDBP,RAD51,0.0055457996
SNAPC5,RAD51,0.006518477
ATF6,RAD51,0.007687134
SRSF6,RAD51,0.007438621
HIST1H1C,RAD51,0.0043252446
DPF2,RAD51,0.0068936907
TAX1BP3,RAD51,0.007531549
FOXJ3,RAD51,0.0052527185
ELF1,RAD51,0.008755695
CBX3,SMAD2,0.008267308
IRF2,SMAD2,0.016063659
ZFP36L1,SMAD2,0.0096594
NFKBIA,SMAD2,0.013382117
DNMT3A,SMAD2,0.011987229
TAF12,SMAD2,0.008949036
MAPK1,SMAD2,0.011675917
UBTF,SMAD2,0.007382911
EHMT2,SMAD2,0.007464373
POLR3K,SMAD2,0.009001416
ZFX,PCNP,0.90126103
APEX1,GTF2A1,0.014945689
ATF3,GTF2A1,0.013887841
SNRPB,GTF2A1,0.011407557
TCF12,GTF2A1,0.0072694505
POLR2G,GTF2A1,0.019051237
BIN1,GTF2A1,0.007641349
KDM5A,GTF2A1,0.007795566
LASS5,GTF2A1,0.0074856416
POLR2E,GTF2A1,0.019326793
CREBBP,GTF2A1,0.018845785
CTCF,CXCL2,0.85999864
RELA,CXCL2,0.8636142
MYD88,CXCL2,0.85786754
JUN,CXCL2,0.8603518
NFKB1,CXCL2,0.86266625
EGR1,CXCL2,0.8629135
SRSF5,MED15,0.00690004
HMG20B,MED15,0.004785871
MED1,MED15,0.012140124
MKL2,MED15,0.008828876
SMARCC2,MED15,0.0054660384
TAX1BP3,MED15,0.009342195
KDM6B,MED15,0.0078416895
TSC22D4,MED15,0.0068710465
SUPT5H,MED15,0.005672772
DENND4A,MED15,0.007712299
BTF3,RPL10A,0.50895196
CTCF,RPL10A,0.4941992
EIF5B,RPL10A,0.49946722
UPF1,RPL10A,0.4957366
AHR,RPL10A,0.49403664
HIF1A,CTSD,0.5129079
NFE2L2,NME2,0.014024302
TOX4,NME2,0.006216186
NR4A1,NME2,0.006807006
FOXN2,NME2,0.007800174
NFKB1,NME2,0.0154772205
CNOT6L,NME2,0.008877504
BTF3,NME2,0.014611687
EGR2,NME2,0.015312255
FOSB,NME2,0.014797999
TAF12,NME2,0.008362312
HNRNPAB,IVNS1ABP,0.0051357113
ZFP36,IVNS1ABP,0.007359365
HMG20B,IVNS1ABP,0.0031297302
KDM6B,IVNS1ABP,0.005137393
KDM5A,IVNS1ABP,0.0043051704
RUNX1,IVNS1ABP,0.004692576
NR4A1,IVNS1ABP,0.004785669
RBPJ,IVNS1ABP,0.01021105
ARID1B,IVNS1ABP,0.003646822
CHD4,IVNS1ABP,0.00494023
LDB1,POLR2K,0.011610904
TCEA1,POLR2K,0.009112862
AHR,POLR2K,0.019210916
STAT1,POLR2K,0.01930386
TRERF1,POLR2K,0.008693798
TGIF1,POLR2K,0.02005083
SNAPC5,POLR2K,0.009674911
JUP,POLR2K,0.009727659
SRSF1,POLR2K,0.007947308
THRAP3,POLR2K,0.012785101
CTCF,NDUFC1,0.14750187
CTCF,VAMP8,0.5090662
ZFX,VAMP8,0.50547254
JUN,MMP12,0.52785695
ZFX,RPS6,0.6801324
CTCF,RPS29,0.85535026
JUN,RPS29,0.8557202
XBP1,AEBP2,0.0048111356
DDX5,AEBP2,0.008664821
HBP1,AEBP2,0.0058839745
MCM7,AEBP2,0.0066573774
CTNNB1,AEBP2,0.010753788
GTF2E2,AEBP2,0.0061170883
APEX1,AEBP2,0.0086254915
TRPS1,AEBP2,0.0036874674
ELF1,AEBP2,0.0074009853
JMJD1C,AEBP2,0.004093027
JUN,RAP1B,0.8985456
STAT1,RAP1B,0.8986627
STAT6,LITAF,0.15444526
BHLHE40,SFPI1,0.012125138
USF2,SFPI1,0.018531468
SUZ12,SFPI1,0.007092458
MCM4,SFPI1,0.007598527
ASH1L,SFPI1,0.007892332
XBP1,SFPI1,0.008216051
UBTF,SFPI1,0.008587986
KHDRBS1,SFPI1,0.0066642864
DEK,SFPI1,0.010902091
TCOF1,SFPI1,0.008803021
COPS5,KDM6B,0.0058206436
HDAC1,KDM6B,0.013018787
KHDRBS1,KDM6B,0.0048406706
TLR4,KDM6B,0.006153316
TCERG1,KDM6B,0.006059776
TCF12,KDM6B,0.0051786317
SNRPB,KDM6B,0.008146063
GTF2B,KDM6B,0.008406826
SRSF6,KDM6B,0.007790861
COPS2,KDM6B,0.0059594666
ZFX,SBDS,0.83790284
ATF6,HSPA5,0.32874718
FOSB,HSPA5,0.43433806
CEBPA,HSPA5,0.43277574
FOS,HSPA5,0.43717676
ATF4,HSPA5,0.32956633
JUNB,HSPA5,0.4429366
GTF2I,HSPA5,0.30661803
JUN,HSPA5,0.42916155
ZFX,HSPA5,0.4244197
EHMT1,NCOA3,0.0090436805
TARBP2,NCOA3,0.008349791
UPF1,NCOA3,0.02493183
SRSF2,NCOA3,0.019178227
RFC1,NCOA3,0.01065709
NFIL3,NCOA3,0.01098686
KDM2B,NCOA3,0.014271586
CEBPA,NCOA3,0.025383756
SUPT4H1,NCOA3,0.010383036
POLR1D,NCOA3,0.011762279
EGR2,CBFB,0.01593377
EHMT1,CBFB,0.0054531293
ARL6IP5,CBFB,0.006285085
MKL2,CBFB,0.008568406
MYST2,CBFB,0.00716403
TSC22D4,CBFB,0.006673358
ELF1,CBFB,0.010535889
PCBP2,CBFB,0.007943587
SMAD2,CBFB,0.008317434
BTG2,CBFB,0.008591287
BTF3,NFKBIZ,0.016049955
POLR2K,NFKBIZ,0.01297565
HNRNPAB,NFKBIZ,0.00802724
ZFP36L1,NFKBIZ,0.009922004
SMARCA5,NFKBIZ,0.008833889
CBX3,NFKBIZ,0.00847334
TAX1BP3,NFKBIZ,0.009570639
STAT6,NFKBIZ,0.01373823
MED27,NFKBIZ,0.012255144
POLR2E,NFKBIZ,0.016762188
ZFX,ATP6V1F,0.8799768
EGR1,ATP6V1F,0.8812941
EGR2,ATP6V1F,0.88281304
ZFX,USMG5,0.74494135
ZFX,HMGB1,0.33527562
KLF4,TMEM50A,0.27547833
KLF4,PRDX1,0.25070563
CTCF,PRDX1,0.24894382
NFE2L2,PRDX1,0.25098032
ZFX,PRDX1,0.24626537
MITF,SMARCA4,0.006962381
GTF2E2,SMARCA4,0.008290023
MKL2,SMARCA4,0.00815102
DNMT1,SMARCA4,0.011526716
CTBP1,SMARCA4,0.005631619
TSG101,SMARCA4,0.014370916
SRRT,SMARCA4,0.006188378
CHD1,SMARCA4,0.006835663
NR3C1,SMARCA4,0.014746401
POLR2H,SMARCA4,0.0077493154
TRP53,GLIPR1,0.605142
NCOA3,GLIPR1,0.5859054
MED1,GLIPR1,0.5331156
KLF4,ACTR2,0.85532206
LASS2,RFX7,0.008687874
ATF2,RFX7,0.00863774
KLF6,RFX7,0.007957748
SMARCB1,RFX7,0.011629903
CSDA,RFX7,0.006838523
SKIL,RFX7,0.010083259
BATF3,RFX7,0.0090623265
HCFC1,RFX7,0.008245825
ELF1,RFX7,0.010221368
SFPQ,RFX7,0.0076936847
CTCF,H2-D1,0.6911884
ZFP148,GTF2A2,0.005274009
BTF3,GTF2A2,0.01288933
SNRPB,GTF2A2,0.00792821
RNPS1,GTF2A2,0.0054162233
AIP,GTF2A2,0.004573721
NFIL3,GTF2A2,0.00561076
STAT1,GTF2A2,0.013288985
SRSF6,GTF2A2,0.007582435
TSG101,GTF2A2,0.012799362
ZBTB7A,GTF2A2,0.0059028286
SMARCA5,RUNX1,0.006521183
KDM2B,RUNX1,0.0067276973
SMAD4,RUNX1,0.005535115
SRSF6,RUNX1,0.0069790496
ZFP91,RUNX1,0.0053418092
POLR2B,RUNX1,0.0039547007
ZFP410,RUNX1,0.004327693
VDR,RUNX1,0.0058874954
PBRM1,RUNX1,0.005424084
MCM4,RUNX1,0.004939644
NCOA3,SSB,0.019478438
KLF13,SSB,0.010085348
ATF4,SSB,0.0110287005
ZMYM2,SSB,0.007884491
HDAC1,SSB,0.018756775
RBL2,SSB,0.010370148
RFC1,SSB,0.008091908
IRF1,SSB,0.019965684
CHD7,SSB,0.0078072804
HSBP1,SSB,0.0136169605
NSD1,NFKBIB,0.008252804
NFAT5,NFKBIB,0.006359414
GTF2I,NFKBIB,0.0074215024
COPS2,NFKBIB,0.006442542
CTCFL,NFKBIB,0.004703077
MED27,NFKBIB,0.010916833
BTG1,NFKBIB,0.008962991
TARBP2,NFKBIB,0.004723345
SMAD2,NFKBIB,0.007817001
WBP11,NFKBIB,0.007954797
ZFX,CANX,0.5688514
POLR2C,TSC22D4,0.0060165795
POLR2G,TSC22D4,0.01221874
CIC,TSC22D4,0.0043442356
DAZAP2,TSC22D4,0.0057590366
UBP1,TSC22D4,0.0052216756
CTNNB1,TSC22D4,0.011930065
TAF9,TSC22D4,0.009552179
SRSF9,TSC22D4,0.007446628
CNOT8,TSC22D4,0.006126604
TAF6,TSC22D4,0.0044407607
ATF2,EGR1,0.013728943
ELL2,EGR1,0.009977473
ZBTB7A,EGR1,0.010774566
LASS5,EGR1,0.009473181
BACH1,EGR1,0.02358724
RNF4,EGR1,0.009298414
POLR1D,EGR1,0.010967498
CXXC1,EGR1,0.00872811
ARID1B,EGR1,0.008363028
MCM7,EGR1,0.014612709
SRRM1,HTATIP2,0.004550179
DNAJC2,HTATIP2,0.005133337
NFE2L2,HTATIP2,0.0099996645
CHD4,HTATIP2,0.004999803
GTF2E2,HTATIP2,0.005958698
ATF4,HTATIP2,0.0060023954
NCOA3,HTATIP2,0.010642781
CHD1,HTATIP2,0.0049048658
MATR3,HTATIP2,0.0067280536
KPNA2,HTATIP2,0.0051432424
ZFX,NDUFA12,0.8885242
UBTF,ASH1L,0.005407366
CCRN4L,ASH1L,0.005882128
HIST1H1C,ASH1L,0.0039230473
RNPS1,ASH1L,0.0048245564
TLR4,ASH1L,0.0053310976
BTG1,ASH1L,0.0071959337
SNRPB,ASH1L,0.007065869
ZMYM2,ASH1L,0.004722384
NFKB1,ASH1L,0.012176752
GTF2E2,ASH1L,0.0065755374
PER1,TARDBP,0.0067921765
FOXN2,TARDBP,0.0066038966
AGAP3,TARDBP,0.005562413
HMGA1,TARDBP,0.0046356525
NONO,TARDBP,0.0072935643
MCM6,TARDBP,0.007800304
AES,TARDBP,0.006130324
NCOR1,TARDBP,0.006471453
RUVBL2,TARDBP,0.0065813772
POLR2I,TARDBP,0.01174522
H1F0,FUBP3,0.0044782925
SNAPC5,FUBP3,0.0056592776
TLR4,FUBP3,0.0051005874
SNRPB,FUBP3,0.00675824
POLR2J,FUBP3,0.007865197
BACH1,FUBP3,0.011101144
SRSF9,FUBP3,0.006897979
CENPB,FUBP3,0.0040426366
FOS,FUBP3,0.011526205
SND1,FUBP3,0.0076715783
MITF,BCLAF1,0.006144603
TSG101,BCLAF1,0.012704202
NCOA4,BCLAF1,0.006115149
DAZAP2,BCLAF1,0.006208552
MEF2A,BCLAF1,0.0132479435
ILF3,BCLAF1,0.0073768822
MCM6,BCLAF1,0.008061183
HSBP1,BCLAF1,0.009114429
NCOR2,BCLAF1,0.005570633
SNRPD1,BCLAF1,0.01007403
GTF2I,GTF2B,0.0078509515
CBX3,GTF2B,0.007986064
SFPI1,GTF2B,0.011869893
MAPK3,GTF2B,0.009818311
STAT6,GTF2B,0.012951147
HAX1,GTF2B,0.0078417715
SIRT2,GTF2B,0.008650996
ZEB2,GTF2B,0.007870885
DENND4A,GTF2B,0.00744059
NOTCH2,GTF2B,0.006770434
GTF2I,BIN1,0.0058647986
EIF5B,BIN1,0.011574209
MCM6,BIN1,0.007131126
ARID1A,BIN1,0.009331574
EHMT2,BIN1,0.0053892583
JUNB,BIN1,0.011793009
POLR1D,BIN1,0.0052762534
TCEA1,BIN1,0.0054894127
SUPT16H,BIN1,0.0068523423
TOP2B,BIN1,0.0047653317
EIF5B,RPS17,0.62207586
UPF1,RPS17,0.6185916
BTF3,RPS17,0.63108623
ZFX,RPS17,0.61372346
BUB3,AIP,0.004379142
TCEB2,AIP,0.0074808216
MAPK1,AIP,0.00729297
ATF3,AIP,0.0073185298
ILF3,AIP,0.005628095
EHMT2,AIP,0.0046429015
ZFP410,AIP,0.0035551973
SMAD4,AIP,0.004549952
NFKB1,AIP,0.010355233
DAZAP2,AIP,0.0047330614
HBP1,LASS2,0.008346803
HCLS1,LASS2,0.011329376
FXR1,LASS2,0.008013912
TAF9,LASS2,0.012193753
RFX7,LASS2,0.008042236
CEBPA,LASS2,0.015365305
NFKBIA,LASS2,0.012965161
HCFC1,LASS2,0.008455556
TCEA1,LASS2,0.0073564393
ARID1A,LASS2,0.01248305
FUBP3,CHD7,0.004449463
ZFP410,CHD7,0.0040268325
RBL2,CHD7,0.005980611
POLR1D,CHD7,0.0051444797
DOT1L,CHD7,0.0040587764
SFPQ,CHD7,0.005742403
SMAD2,CHD7,0.006023074
SRRM1,CHD7,0.004829362
TFDP1,CHD7,0.0039373124
ZNRD1,CHD7,0.0069598327
CNOT2,SIN3B,0.006838866
POLR2I,SIN3B,0.01609175
ATF6,SIN3B,0.010326652
KPNA2,SIN3B,0.008412416
BHLHE40,SIN3B,0.011303497
SUZ12,SIN3B,0.0066188658
ETV3,SIN3B,0.007414031
FXR1,SIN3B,0.008991324
SRSF5,SIN3B,0.007482546
ZFP91,SIN3B,0.007667511
NFKB1,BCL2A1A,0.6008628
RELA,BCL2A1A,0.59921634
FOXN2,CIITA,0.0068530235
LASS2,CIITA,0.0075577674
IRF4,CIITA,0.009659372
LASS5,CIITA,0.0051735933
CIITA,CIITA,0.005986805
STAT1,CIITA,0.0132427765
DDB1,CIITA,0.0062154876
UBP1,CIITA,0.0056586685
EGR1,CIITA,0.013531372
HAX1,CIITA,0.0066544386
DEK,PCNA,0.34146672
PARP1,PCNA,0.366748
APEX1,PCNA,0.39634064
RFC1,PCNA,0.27458373
ING1,PCNA,0.25618118
POLR2I,PCNA,0.42104402
TRP53,PCNA,0.453512
MCM7,PCNA,0.3422628
ATF2,PCNA,0.33368587
RBL2,PCNA,0.3220554
UPF1,RPS15,0.88747835
BTF3,RPS15,0.8923195
POLR2E,RPS15,0.8867469
POLR2F,RPS15,0.8896623
TRP53,RPS15,0.8894571
CTCF,RPS15,0.8869346
NR3C1,RPS15,0.8882809
EIF5B,RPS15,0.88678414
IRF1,KDM5C,0.009896513
KPNA2,KDM5C,0.004662482
GTF2A1,KDM5C,0.0066033676
MLL2,KDM5C,0.004668689
BACH1,KDM5C,0.009541992
AEBP2,KDM5C,0.0037348452
STAT3,KDM5C,0.009732033
HNRNPK,KDM5C,0.0064566713
MCM4,KDM5C,0.003926473
EGR2,KDM5C,0.009906549
ASH1L,SSRP1,0.0049468265
MLL3,SSRP1,0.004280533
POLR2J,SSRP1,0.008183767
THRAP3,SSRP1,0.0077918274
SUPT6H,SSRP1,0.00459008
TRIM28,SSRP1,0.0064246226
ING1,SSRP1,0.004301213
ID3,SSRP1,0.006769103
DDX5,SSRP1,0.009268276
EHMT2,SSRP1,0.005444088
SP1,EGR2,0.023915507
EIF5B,EGR2,0.023545574
ARID1B,EGR2,0.008240898
SMARCC2,EGR2,0.008080239
ZMYND11,EGR2,0.008270999
MEF2A,EGR2,0.02385125
RUNX1,EGR2,0.010590651
MCM3,EGR2,0.011058819
KLF4,EGR2,0.023016077
SMAD4,EGR2,0.010820505
CTCF,RPL32,0.558398
CENPB,ZNRD1,0.006664517
CTCF,ZNRD1,0.017922053
NFKB1,ZNRD1,0.019064628
IRF4,ZNRD1,0.013555598
TSG101,ZNRD1,0.017877106
HIST1H1C,ZNRD1,0.0061885216
CNOT8,ZNRD1,0.009342309
MAPK14,ZNRD1,0.014354251
POLR2A,ZNRD1,0.018391766
UBTF,ZNRD1,0.008522661
CEBPA,NDUFA1,0.4488293
MLL3,TOB1,0.0049910615
DAZAP2,TOB1,0.0064697675
TOX4,TOB1,0.0056724492
DOT1L,TOB1,0.004903362
AGAP3,TOB1,0.00598445
EZH2,TOB1,0.010232842
TNFAIP3,TOB1,0.009980974
CTBP1,TOB1,0.005178722
ZFP91,TOB1,0.0060040224
FXR1,TOB1,0.0070426757
YBX1,RELA,0.013606327
SMARCC2,RELA,0.008044077
CNOT6,RELA,0.009950342
CIC,RELA,0.00845977
NFKBIZ,RELA,0.016163569
TOX4,RELA,0.009825949
SRRT,RELA,0.009857025
SRSF1,RELA,0.009762912
SUPT4H1,RELA,0.009495145
GTF2I,RELA,0.011950851
ZFX,CD81,0.25350547
FOS,CDC42,0.6557443
AHR,CDC42,0.64699763
CTNNB1,CDC42,0.6552897
TRP53,CDC42,0.66347826
NFKB1,CCL9,0.34118247
POLR2G,RPL19,0.83081234
BTF3,RPL19,0.835462
POLR2F,RPL19,0.83629394
EIF5B,RPL19,0.8288596
UPF1,RPL19,0.8281538
ZFX,RPL19,0.8262412
KLF4,RPL19,0.8285188
POLR2E,RPL19,0.83024365
HMG20B,FOSB,0.0070528844
PREB,FOSB,0.009337104
CIITA,FOSB,0.010745518
EHMT1,FOSB,0.008261754
SIRT7,FOSB,0.00996538
SRSF1,FOSB,0.009762353
SKIL,FOSB,0.01571002
TAF12,FOSB,0.013169032
KDM5C,FOSB,0.007878078
BCLAF1,FOSB,0.011603835
POLR2F,RPSA,0.4554908
NFX1,MED27,0.009007437
DNAJC2,MED27,0.009217653
CNOT2,MED27,0.007509551
SRSF6,MED27,0.010975348
SMARCB1,MED27,0.0146841025
TOX4,MED27,0.007954914
NFKBIZ,MED27,0.01309174
AIP,MED27,0.006635805
JMJD1C,MED27,0.0071664075
IRF4,MED27,0.014017703
GTF2A1,RLIM,0.009317576
SRSF5,RLIM,0.0058614584
NFIL3,RLIM,0.0058047823
TRIM28,RLIM,0.00748708
MED21,RLIM,0.0075289016
TCF7L2,RLIM,0.008288407
RFC1,RLIM,0.0056296275
RAD51,RLIM,0.006032224
FXR1,RLIM,0.007045678
SRRM1,RLIM,0.005835851
ZFP410,ETS2,0.0049246154
SP1,ETS2,0.0140038105
NFE2L2,ETS2,0.012944425
RFX7,ETS2,0.007155671
KDM2B,ETS2,0.0076505602
CTCF,ETS2,0.013426922
SIRT2,ETS2,0.007705958
NAP1L4,ETS2,0.0072406502
ZEB2,ETS2,0.0070104674
DDX5,ETS2,0.010931841
ZFX,ERH,0.4243631
CTCF,ERH,0.427879
KHDRBS1,TCF12,0.0039184494
ZFP36L1,TCF12,0.006628256
SP1,TCF12,0.0111548435
RBBP4,TCF12,0.0059045358
HBP1,TCF12,0.0059095197
BUB3,TCF12,0.0048224437
LMO4,TCF12,0.004928447
IRF2,TCF12,0.011046445
CREBBP,TCF12,0.01094163
CNOT8,TCF12,0.0055414545
TUBA1A,ID2,0.008023364
PCBD2,ID2,0.007805287
ZFX,ID2,0.018318342
SRSF2,ID2,0.014375583
BAZ1A,ID2,0.008351043
HMGB2,ID2,0.011333169
CBFA2T3,ID2,0.0076614586
CEBPA,ID2,0.01906561
THRAP3,ID2,0.012825065
HDGF,ID2,0.0136226425
NFKB1,GLRX,0.8763851
FOS,LAPTM5,0.8873019
JUN,LAPTM5,0.8881345
IRF1,BHLHE40,0.016469033
UBTF,BHLHE40,0.0074187806
TOB1,BHLHE40,0.0080858255
NME2,BHLHE40,0.009884596
PAPOLA,BHLHE40,0.007220831
ETS2,BHLHE40,0.008476402
POLR3K,BHLHE40,0.0090560345
ATF2,BHLHE40,0.009214449
SRRM1,BHLHE40,0.0068947943
ATF3,BHLHE40,0.011798606
HCLS1,CD53,0.41735244
TARDBP,HMG20A,0.0056733047
SSRP1,HMG20A,0.005413787
SKIL,HMG20A,0.008834364
SUB1,HMG20A,0.0053231413
TGIF1,HMG20A,0.013853598
WHSC1L1,HMG20A,0.0063136467
ZFP410,HMG20A,0.004725594
MED1,HMG20A,0.010015812
BUB3,HMG20A,0.005819204
FOXN2,HMG20A,0.006901537
UPF1,RPL8,0.86754316
POLR2E,RPL8,0.8670781
EIF5B,RPL8,0.8669877
POLR2F,RPL8,0.87099093
CTCF,CD9,0.35771498
TARDBP,ZFP410,0.004461428
HOPX,ZFP410,0.0053312415
EWSR1,ZFP410,0.0048245382
LMO4,ZFP410,0.004676928
CHD4,ZFP410,0.0048958813
ZBTB7A,ZFP410,0.004663396
DENND4A,ZFP410,0.0050040316
EHMT1,ZFP410,0.0036404396
NAP1L4,ZFP410,0.0054663187
CTCF,ZFP410,0.010152139
ZFX,RPL4,0.8747879
POLR2G,RPL4,0.87564254
PA2G4,RPL4,0.87103313
EIF5B,RPL4,0.8746062
UPF1,RPL4,0.8752283
EHMT1,DAB2,0.0059507224
TAX1BP3,DAB2,0.0098912995
PREB,DAB2,0.00672719
RUNX1,DAB2,0.0075979116
RBL2,DAB2,0.0090035265
MCM7,DAB2,0.010343933
HNRNPK,DAB2,0.01135409
CNOT6L,DAB2,0.010082259
MCM6,DAB2,0.010462903
BATF3,DAB2,0.010192627
STAT1,SOD1,0.5846766
STAT6,SOD1,0.5490562
AHR,SOD1,0.575761
STAT3,SOD1,0.58540213
ZFX,SOD1,0.5724046
CTBP1,RBBP4,0.005566038
KPNA2,RBBP4,0.0070803897
MATR3,RBBP4,0.009248422
MCM6,RBBP4,0.009017944
FOS,RBBP4,0.014992009
NFKB1,RBBP4,0.015151442
NFKBIZ,RBBP4,0.010047311
ELL2,RBBP4,0.0060725557
NFE2L2,RBBP4,0.013728665
AHR,RBBP4,0.014676304
CTCF,NDUFB10,0.18689872
TCEA1,POLR2I,0.011345105
EHMT2,POLR2I,0.011138629
SRRM1,POLR2I,0.010241901
TIAL1,POLR2I,0.008187453
CEBPA,POLR2I,0.023569416
ELL2,POLR2I,0.009922407
SKI,POLR2I,0.00967673
BAZ1A,POLR2I,0.010383104
NONO,POLR2I,0.013745307
HTATIP2,POLR2I,0.00915458
REL,UBA52,0.8866009
ZFX,UBA52,0.88501805
CTCF,RPL36,0.8784137
DPF2,ID3,0.008455983
CCRN4L,ID3,0.007952848
TCOF1,ID3,0.007496622
COPS5,ID3,0.006820875
HHEX,ID3,0.0075600566
YBX1,ID3,0.009157547
MBD2,ID3,0.011213886
UBTF,ID3,0.0073132557
ID3,ID3,0.009180967
CNOT8,ID3,0.008017544
TRP53,PRDX5,0.14929512
JUN,PRDX5,0.14113201
NCOA3,PRDX5,0.13969296
EGR1,PRDX5,0.1478741
AHR,VIM,0.89037347
JUN,VIM,0.8932768
STAT3,VIM,0.8940393
SP1,VIM,0.8923926
PARP1,CIC,0.0073630232
ZFP410,CIC,0.0037509634
ZBTB7A,CIC,0.0047079925
BAZ1A,CIC,0.004560958
TOB1,CIC,0.0052761356
MED8,CIC,0.0060570138
SKIL,CIC,0.007024815
RFC1,CIC,0.004339585
KLF13,CIC,0.0054151653
CIITA,CIC,0.004787021
STAT3,APRT,0.8926274
SP1,APRT,0.89096147
TAF9,APRT,0.88927215
STAT1,APRT,0.89221245
CNOT6L,MCM4,0.006795462
MCM4,MCM4,0.004659982
TAF9,MCM4,0.0090148505
SUPT6H,MCM4,0.004491498
MLL2,MCM4,0.0055400855
HOPX,MCM4,0.0058579664
HDAC1,MCM4,0.011011088
SRSF3,MCM4,0.007299854
HBP1,MCM4,0.006162654
POLR1D,MCM4,0.005215557
DENND4A,CHD1,0.0061009093
MYST2,CHD1,0.005834576
AHR,CHD1,0.012741391
SRSF2,CHD1,0.009488066
TNFAIP3,CHD1,0.009302658
IRF5,CHD1,0.013300237
HIST1H1C,CHD1,0.0042426446
PREB,CHD1,0.005020061
POLR2D,CHD1,0.008305219
CBFB,CHD1,0.0068824315
KDM6B,CBFA2T3,0.0054058437
MDM2,CBFA2T3,0.004280689
NME2,CBFA2T3,0.0067931293
AES,CBFA2T3,0.0053509832
NFKB1,CBFA2T3,0.011476135
CBX3,CBFA2T3,0.005704993
MAPK1,CBFA2T3,0.008085106
ELF2,CBFA2T3,0.0030953605
FOXJ3,CBFA2T3,0.004484549
PCBP2,CBFA2T3,0.005640766
KLF4,CD68,0.820771
CEBPA,CD68,0.82175976
MITF,PSMD14,0.84936035
TAF9,PSMD14,0.8758164
CTNNB1,PSMD14,0.88297874
ZFX,PSMD14,0.88048816
STAT3,NCOR1,0.014560716
ZFP91,NCOR1,0.0063810847
TIAL1,NCOR1,0.0049520517
JMJD1C,NCOR1,0.0054301843
DPF2,NCOR1,0.007714477
SKIL,NCOR1,0.009663615
POLR2J,NCOR1,0.010125306
REL,NCOR1,0.014517359
HDGF,NCOR1,0.010242354
RNPS1,NCOR1,0.0059530693
ZFHX3,TRERF1,0.00646632
SKI,TRERF1,0.005414123
CREB3,TRERF1,0.008090462
ZEB2,TRERF1,0.0068021426
ID3,TRERF1,0.0077443602
KLF4,TRERF1,0.013063331
SIN3B,TRERF1,0.008512229
DDX5,TRERF1,0.010599748
RELA,TRERF1,0.013601446
SMAD2,TRERF1,0.0071463333
MED15,CTCFL,0.0058968635
RBBP4,CTCFL,0.005084507
CREM,CTCFL,0.004246292
NCOA3,CTCFL,0.009454456
KLF10,CTCFL,0.004529081
GTF2A1,CTCFL,0.006467178
BTF3,CTCFL,0.009256562
POLR2B,CTCFL,0.0030785894
MYEF2,CTCFL,0.0040019616
SMARCE1,CTCFL,0.003189242
NR3C1,PRELID1,0.7688047
RDBP,SERTAD2,0.006742626
MED27,SERTAD2,0.010633306
RUNX1,SERTAD2,0.0063731293
ZFP91,SERTAD2,0.006285005
STAT1,SERTAD2,0.014362147
RNF4,SERTAD2,0.0055107945
IRF2,SERTAD2,0.01432393
CDC5L,SERTAD2,0.010002158
AEBP2,SERTAD2,0.005529099
MTA2,SERTAD2,0.0054757786
PA2G4,MAFF,0.010399051
SMAD2,MAFF,0.007239837
NCOA3,MAFF,0.013537974
DOT1L,MAFF,0.0048808227
DNAJC2,MAFF,0.0065451097
HMGA1,MAFF,0.004964805
CNOT6,MAFF,0.005718145
MCM5,MAFF,0.0066663446
POLR2D,MAFF,0.008868407
SMARCA5,MAFF,0.0072879014
CTNNB1,PSMA6,0.75851864
ZFX,PSMA6,0.749238
MCM4,MLL2,0.0060482933
AFF4,MLL2,0.006512277
TCOF1,MLL2,0.0070090373
ILK,MLL2,0.008439624
HNRNPAB,MLL2,0.0072514443
SNRPD1,MLL2,0.011405789
MTA2,MLL2,0.00569824
KLF6,MLL2,0.0078108762
SMARCA4,MLL2,0.008137861
TAF9,MLL2,0.011662082
CTCF,CLEC7A,0.885439
CTCFL,TUBA1A,0.0036526255
EGR1,TUBA1A,0.011750097
TCERG1,TUBA1A,0.00508986
SKI,TUBA1A,0.0046014884
CTBP1,TUBA1A,0.0043242816
NONO,TUBA1A,0.0065663736
IRF4,TUBA1A,0.008383478
TRP53,TUBA1A,0.011735764
MCM5,TUBA1A,0.0055989367
ATF6,TUBA1A,0.0067752614
CTNNB1,PSMB5,0.1943247
ZFX,PSMB5,0.18663178
CTCF,PSMB5,0.1888188
TCEA1,TRIM28,0.007145163
FOXN2,TRIM28,0.007852069
AHR,TRIM28,0.015087636
ARID1A,TRIM28,0.012125235
ZMYND11,TRIM28,0.0052514556
JMJD1C,TRIM28,0.005647904
CREB3,TRIM28,0.009102285
NCOR2,TRIM28,0.006417006
LASS2,TRIM28,0.008659158
MBD2,TRIM28,0.010643761
VDR,SPP1,0.6441029
USF2,SPP1,0.7711555
HDAC1,SPP1,0.7674849
TRP53,SPP1,0.77548164
JUN,SPP1,0.7637037
NFKBIB,AGAP3,0.006850616
POLR2G,AGAP3,0.013143828
MCM4,AGAP3,0.005322957
HMG20B,AGAP3,0.0038944338
NCOR1,AGAP3,0.006674816
NOTCH2,AGAP3,0.0057130507
TUBA1A,AGAP3,0.005446696
ATF4,AGAP3,0.0073602744
HIST1H1C,AGAP3,0.004366876
SERTAD2,AGAP3,0.0066616954
CTCF,SLC25A5,0.16618618
RBM39,MITF,0.005716966
MEF2A,MITF,0.013337133
AIP,MITF,0.0045732628
TCEB2,MITF,0.009865831
MED21,MITF,0.007278665
EHMT1,MITF,0.004608789
TAF9,MITF,0.010370261
SRRT,MITF,0.005502525
NSD1,MITF,0.0074251457
SP1,MITF,0.013373344
EIF5B,EIF3I,0.8965807
POLR2E,EIF3I,0.89627874
CHD7,ATF3,0.0068944315
YBX1,ATF3,0.009996016
EWSR1,ATF3,0.008021375
ARL6IP5,ATF3,0.0069780876
SF1,ATF3,0.013892362
HIF1A,ATF3,0.017254863
PER1,ATF3,0.009293197
PREB,ATF3,0.006844611
SUPT5H,ATF3,0.0061170217
BATF3,ATF3,0.0103932815
AHR,BANF1,0.5780314
POLR2F,BANF1,0.6011384
BACH1,BANF1,0.5823286
CSDE1,CTBP1,0.007593926
HDAC1,CTBP1,0.01054821
LDB1,CTBP1,0.0066328
COPS2,CTBP1,0.004819657
NFKBIA,CTBP1,0.009183534
ZFP36,CTBP1,0.0076694335
ELL2,CTBP1,0.0045430763
MCM5,CTBP1,0.0053859367
TRIM28,CTBP1,0.0060239756
TBPL1,CTBP1,0.0060654823
NFKB1,TLR2,0.61383927
SP1,TLR2,0.6057861
RELA,TLR2,0.61221176
FOS,TLR2,0.60771966
REL,TLR2,0.60920703
JUN,TLR2,0.59991044
SNAPC5,SNRPD1,0.010346153
CIITA,SNRPD1,0.009358056
CIC,SNRPD1,0.007364699
JUP,SNRPD1,0.010399511
MDM2,SNRPD1,0.007965498
NFKBIA,SNRPD1,0.017133776
NCOA3,SNRPD1,0.02041171
DENND4A,SNRPD1,0.009873286
PAPOLA,SNRPD1,0.009212129
DEK,SNRPD1,0.011993148
COPS2,CCRN4L,0.006372583
PREB,CCRN4L,0.0057304315
ING1,CCRN4L,0.005332456
RAD51,CCRN4L,0.0064107156
TFDP1,CCRN4L,0.0050577708
SMAD2,CCRN4L,0.0077322265
MCM6,CCRN4L,0.008916498
NCOA4,CCRN4L,0.0067750462
UBE2K,CCRN4L,0.0057586594
ZNRD1,CCRN4L,0.0089224875
ARID1A,GTF2E2,0.012511921
CTNNB1,GTF2E2,0.015254223
NCOR2,GTF2E2,0.006624863
SRSF1,GTF2E2,0.006431774
TCERG1,GTF2E2,0.0069549307
RBPJ,GTF2E2,0.015046904
RFX7,GTF2E2,0.008064088
ZFP410,GTF2E2,0.00555246
CTCF,GTF2E2,0.015104914
TRP53,GTF2E2,0.015962545
RFX7,ILF3,0.008548266
DENND4A,ILF3,0.007922467
ING1,ILF3,0.0060684728
MATR3,ILF3,0.010394693
AIP,ILF3,0.005723801
NFIL3,ILF3,0.007019775
TRIM28,ILF3,0.009048882
NFX1,ILF3,0.0077720406
PAPOLA,ILF3,0.007390964
HTATIP2,ILF3,0.0063056583
ZFX,TBCA,0.8859502
JMJD1C,TAF6,0.0040797032
POLR2E,TAF6,0.0111314
CNOT6L,TAF6,0.006462945
BIN1,TAF6,0.0043726685
CIITA,TAF6,0.0049572466
ATF4,TAF6,0.006137804
LASS2,TAF6,0.00626331
TCEB2,TAF6,0.00815687
WHSC1L1,TAF6,0.0051913653
POLR2D,TAF6,0.0071217497
GTF2B,DAZAP2,0.007812421
SIN3B,DAZAP2,0.00800966
SND1,DAZAP2,0.008592043
EWSR1,DAZAP2,0.0058262013
MCM5,DAZAP2,0.0061834184
FOSB,DAZAP2,0.012467007
ELF1,DAZAP2,0.008521852
MATR3,DAZAP2,0.007953371
TSG101,DAZAP2,0.012223703
TAF9,DAZAP2,0.009910192
HIF1A,PGK1,0.3039822
SP1,PGK1,0.30302075
CREBBP,PGK1,0.30266863
NFKBIZ,CTNNB1,0.015793245
MCM4,CTNNB1,0.009393703
KPNA2,CTNNB1,0.01113926
CEBPA,CTNNB1,0.022754574
ARID1A,CTNNB1,0.018512571
PARP1,CTNNB1,0.016092785
IRF5,CTNNB1,0.023998598
MYEF2,CTNNB1,0.009771812
TOP2B,CTNNB1,0.00949479
CNOT2,CTNNB1,0.009059964
ID2,TOP2B,0.0101855965
DEK,TOP2B,0.00684783
HNRNPK,TOP2B,0.007829541
PARP1,TOP2B,0.008195549
TCEB1,TOP2B,0.008493395
MATR3,TOP2B,0.007397669
IRF5,TOP2B,0.012268219
MAPK3,TOP2B,0.0074223313
ZEB2,TOP2B,0.0059472932
NR3C1,TOP2B,0.011671142
KLF4,SDC4,0.6668461
JUN,SDC4,0.6658604
NFKB1,SDC4,0.67873186
REL,SDC4,0.6744652
KLF4,SEPT2,0.45357046
EGR1,ACTG1,0.75279486
AHR,ACTG1,0.741173
ZFX,ACTG1,0.73860544
KLF4,ACTG1,0.74318826
SMARCA4,ACTG1,0.63954264
ELL2,SUB1,0.0045814365
ZFHX3,SUB1,0.00534446
MKL2,SUB1,0.006095534
RNPS1,SUB1,0.004541634
COPS2,SUB1,0.004862648
ZNRD1,SUB1,0.006829723
SIRT2,SUB1,0.0061862203
TAF7,SUB1,0.0045778323
PARP1,SUB1,0.0077552754
MED27,SUB1,0.008267871
CTCF,RPL7A,0.8830943
MLL3,HSBP1,0.0060004294
MITF,HSBP1,0.007709365
CREB3,HSBP1,0.009927542
KPNA2,HSBP1,0.007934686
MED8,HSBP1,0.009454952
CNOT8,HSBP1,0.008288614
GATAD2A,HSBP1,0.0074257255
TAF12,HSBP1,0.009179904
CBFA2T3,HSBP1,0.006521331
CNOT6,HSBP1,0.0069094044
RBL2,IRF4,0.0095772
SNAPC5,IRF4,0.009105489
ATF6,IRF4,0.010739695
GTF2A2,IRF4,0.008844515
AFF4,IRF4,0.007930476
MTA2,IRF4,0.006940403
MCM3,IRF4,0.008433974
CREM,IRF4,0.008129617
TRPS1,IRF4,0.006109031
BTG2,IRF4,0.009969709
MYST2,CBX3,0.0061255298
MYEF2,CBX3,0.005642893
CDC5L,CBX3,0.009360642
ZFML,CBX3,0.0060066925
BUB3,CBX3,0.005853503
HCFC1,CBX3,0.007277252
GTF2F1,CBX3,0.0076988484
SMARCC2,CBX3,0.004530358
TNFAIP3,CBX3,0.009770982
TAF9,CBX3,0.010500073
KLF4,S100A10,0.5870619
FOXJ3,MCM3,0.0050449953
HOPX,MCM3,0.0063677663
TLR4,MCM3,0.005644531
POLR2H,MCM3,0.0065088994
TSC22D4,MCM3,0.005321107
MITF,MCM3,0.0058412286
MAPK3,MCM3,0.007888289
POLR2I,MCM3,0.011543608
GTF2I,MCM3,0.006305195
NFKBIZ,MCM3,0.008542239
ARID1A,BTG1,0.012096083
BUB3,BTG1,0.0065910886
CSDE1,BTG1,0.010394929
ATF3,BTG1,0.0109987315
CEBPA,BTG1,0.014890337
FOXJ3,BTG1,0.0060866512
NR3C1,BTG1,0.0149479695
LASS2,BTG1,0.008638263
BATF3,BTG1,0.0090106
PA2G4,BTG1,0.011511795
MED1,TCEA1,0.00961945
UPF1,TCEA1,0.012383044
NFAT5,TCEA1,0.005511438
RLIM,TCEA1,0.0061946544
CTBP1,TCEA1,0.004824007
CSDE1,TCEA1,0.008797265
DNMT3A,TCEA1,0.009524644
SMARCC2,TCEA1,0.004322311
PBRM1,TCEA1,0.005679228
TOB1,TCEA1,0.006374691
MCM6,NFE2L2,0.013265546
HBP1,NFE2L2,0.011601359
RFC1,NFE2L2,0.008899834
TIAL1,NFE2L2,0.007372732
ZEB2,NFE2L2,0.010949312
UBTF,NFE2L2,0.009923372
BIN1,NFE2L2,0.008660248
MAFF,NFE2L2,0.010512288
ATF3,NFE2L2,0.015763862
NFKBIB,NFE2L2,0.011301044
BTF3,TNFAIP3,0.018538807
RNPS1,TNFAIP3,0.007824094
TBPL1,TNFAIP3,0.010515547
PCBP2,TNFAIP3,0.00969738
AES,TNFAIP3,0.009208948
SMAD2,TNFAIP3,0.010152929
SIRT2,TNFAIP3,0.010614606
COPS2,TNFAIP3,0.00837121
HAX1,TNFAIP3,0.009631423
MED8,TNFAIP3,0.010945796
AHR,ATP6AP2,0.84994125
CTCF,TECR,0.9012318
ZFX,LGALS1,0.60443753
SP1,LGALS1,0.6148881
FOSB,LGALS1,0.61407274
KLF4,CALR,0.80553424
ZFX,CALR,0.8023075
CEBPA,CALR,0.8067662
CTCF,CALR,0.8041513
ASH1L,CEBPA,0.010116636
CBFA2T3,CEBPA,0.009518034
MYD88,CEBPA,0.02166225
BTG1,CEBPA,0.014601151
SFPQ,CEBPA,0.012151714
NCOR1,CEBPA,0.012200147
ZFP410,CEBPA,0.008538839
SMARCE1,CEBPA,0.008085741
TUBA1A,CEBPA,0.009966759
AIP,CEBPA,0.008303424
TNFAIP3,TNIP3,0.8822967
UBE2K,ETV3,0.0046073366
RBM39,ETV3,0.005030115
EDF1,ETV3,0.0094322525
PAPOLA,ETV3,0.005197703
DDB1,ETV3,0.0054822243
RNF4,ETV3,0.0044780206
MCM5,ETV3,0.005700845
TAF12,ETV3,0.0064890166
NOTCH2,ETV3,0.005069612
ING1,ETV3,0.0042659733
SP1,GYG,0.84108496
CEBPA,SSR4,0.8343197
NR3C1,SSR4,0.8360331
CEBPA,1810027O10RIK,0.23888676
NR3C1,1810027O10RIK,0.24135101
ZFX,1810027O10RIK,0.23273823
ZFX,RPL28,0.7870046
STAT1,TRIM30A,0.6273337
HBP1,FLI1,0.005900663
IRF5,FLI1,0.011490133
POLR2B,FLI1,0.0035705685
ILF3,FLI1,0.0061793467
TSG101,FLI1,0.010651128
STAT3,FLI1,0.011044783
FOSB,FLI1,0.010863482
CXXC1,FLI1,0.0039680554
ATF6,FLI1,0.0065150815
MCM6,FLI1,0.0067533166
IRF5,IL1B,0.8887321
MYD88,IL1B,0.88425237
NFKBIZ,IL1B,0.88567996
NFKB1,IL1B,0.8860871
RELA,IL1B,0.8870392
MAPK1,IL1B,0.8845598
NFKBIA,IL1B,0.8879976
EGR1,IL1B,0.88630724
FOS,IL1B,0.8843507
REL,IL1B,0.8868686
CREM,TARBP2,0.0042937496
CIC,TARBP2,0.0034184307
CTNNB1,TARBP2,0.009409161
CTCF,TARBP2,0.009316528
NFKBIA,TARBP2,0.008008666
PCBP2,TARBP2,0.004870026
JUN,TARBP2,0.009355329
CEBPA,TARBP2,0.009500079
IRF2,TARBP2,0.009623962
DAB2,TARBP2,0.00600058
MCM7,SMAD4,0.0076193605
SERTAD2,SMAD4,0.0063784644
NFKBIZ,SMAD4,0.008588287
UBTF,SMAD4,0.0057593645
BACH1,SMAD4,0.012351901
PAPOLA,SMAD4,0.005605442
RLIM,SMAD4,0.0060998946
NFE2L2,SMAD4,0.011741396
FXR1,SMAD4,0.006462513
JUP,SMAD4,0.006335457
NCOA3,CNOT6,0.011711837
EHMT2,CNOT6,0.00545538
MBD2,CNOT6,0.008292727
SRSF2,CNOT6,0.008760038
RFX7,CNOT6,0.0060781306
KLF4,CNOT6,0.011453906
SIRT2,CNOT6,0.0065461053
IRF4,CNOT6,0.008620657
MED8,CNOT6,0.0067512244
TCF7L2,CNOT6,0.007130524
CXXC1,IRF1,0.008792662
CNOT6L,IRF1,0.014352786
BUB3,IRF1,0.0106535405
KHDRBS1,IRF1,0.008665125
CBFA2T3,IRF1,0.009651265
ATF4,IRF1,0.013636444
ARID1A,IRF1,0.019440556
STAT3,IRF1,0.024229363
MAPK3,IRF1,0.015324137
KLF6,IRF1,0.012741732
ZFX,RPS14,0.61059946
USF2,RPS14,0.6252236
TUBA1A,ZBTB7A,0.0052869935
ILF3,ZBTB7A,0.0071484856
BUB3,ZBTB7A,0.005574771
TIAL1,ZBTB7A,0.0043353513
IVNS1ABP,ZBTB7A,0.0047686957
RNPS1,ZBTB7A,0.005212364
MAFF,ZBTB7A,0.006187889
FOSB,ZBTB7A,0.012557982
KLF6,ZBTB7A,0.006675245
STAT6,ZBTB7A,0.010609344
ZFX,RPL38,0.7770718
CTCF,RPL38,0.77949756
EIF5B,RPL38,0.7828168
UPF1,RPL38,0.7805838
MEF2A,CFP,0.75759727
CTCF,ANXA1,0.8254806
STAT1,CSTB,0.37661114
COPS2,ARL6IP5,0.0049096667
RBBP7,ARL6IP5,0.00921179
TOP2B,ARL6IP5,0.004596963
TARBP2,ARL6IP5,0.0035980379
IRF5,ARL6IP5,0.011713261
ID2,ARL6IP5,0.009723911
ZFP91,ARL6IP5,0.004918077
UBP1,ARL6IP5,0.0048052925
MCM6,ARL6IP5,0.006885091
WBP11,ARL6IP5,0.0060721124
AHR,TPM4,0.8326298
KLF4,TPM4,0.83618486
ZFX,TPM4,0.8340508
CTNNB1,PSMB2,0.7641696
IRF2,PSMB2,0.75957143
RLIM,HNRNPAB,0.0063911784
APEX1,HNRNPAB,0.010338451
GTF2I,HNRNPAB,0.006641896
BACH1,HNRNPAB,0.012937859
HCFC1,HNRNPAB,0.0071505774
CSDE1,HNRNPAB,0.009075611
ZFP148,HNRNPAB,0.005242021
AFF4,HNRNPAB,0.005746077
SNAPC5,HNRNPAB,0.0066016256
PBRM1,HNRNPAB,0.0058595194
DDB1,MTA2,0.005154226
SRSF9,MTA2,0.006696288
SF1,MTA2,0.008761855
SNRPB,MTA2,0.006560618
SNRPD1,MTA2,0.008402132
SMAD2,MTA2,0.0058201863
EIF5B,MTA2,0.010911479
KLF4,MTA2,0.010662748
CTCF,MTA2,0.010627318
RFC1,MTA2,0.004500458
UPF1,RPLP1,0.714934
EIF5B,RPLP1,0.7179394
CEBPA,TRF,0.44633362
HIF1A,TRF,0.44988278
SP1,TRF,0.4487574
CREBBP,TRF,0.44834492
EGR1,TRF,0.45633543
AHR,CFL1,0.521896
ZFX,CFL1,0.51846987
KLF4,CFL1,0.52440345
EWSR1,CTCF,0.010720305
NFE2L2,CTCF,0.02158346
CENPB,CTCF,0.008336622
MTA2,CTCF,0.008886024
SUZ12,CTCF,0.008803183
HIST1H1C,CTCF,0.0077417255
TRPS1,CTCF,0.007823133
NR4A1,CTCF,0.01053921
ING1,CTCF,0.008521111
BUB3,CTCF,0.010171717
AHR,SLC25A3,0.38312885
NR3C1,PSME1,0.6279516
MEF2A,PSME1,0.6255849
IRF1,SNAPC5,0.013798907
MED27,SNAPC5,0.010058473
RUNX1,SNAPC5,0.006021609
SND1,SNAPC5,0.009201941
IVNS1ABP,SNAPC5,0.005068438
SRSF2,SNAPC5,0.010072545
ZFP36,SNAPC5,0.009427886
PAPOLA,SNAPC5,0.0060426574
PCBD2,SNAPC5,0.0054661315
JUP,SNAPC5,0.0068282834
SP1,FCGR2B,0.8592356
CEBPA,RPS27,0.6638667
EGR1,ATP5G3,0.6855918
ZFX,ATP5G3,0.6692399
EGR2,ATP5G3,0.687835
NR3C1,ATP5G3,0.67970085
TAX1BP3,BATF3,0.009127685
SMARCE1,BATF3,0.005300743
NFKBIZ,BATF3,0.01075695
MCM4,BATF3,0.0063898196
PAPOLA,BATF3,0.007030505
FOS,BATF3,0.016045218
FOXJ3,BATF3,0.006366161
SIN3B,BATF3,0.009972148
TLR4,BATF3,0.00712158
PARP1,BATF3,0.010967224
TBPL1,UBE2K,0.00642238
POLR2E,UBE2K,0.011865699
POLR2J,UBE2K,0.008125055
TCEB3,UBE2K,0.006158077
PA2G4,UBE2K,0.008906163
STAT1,UBE2K,0.011710176
TAF6,UBE2K,0.004249544
NCOR1,UBE2K,0.0059311027
PARP1,UBE2K,0.008126875
SRSF6,UBE2K,0.0066770096
JUN,ZYX,0.17926274
BACH1,ZYX,0.18102136
FOSB,ZYX,0.1823592
FOS,ZYX,0.1840906
EGR1,ZYX,0.18748815
IRF1,ZYX,0.18682605
CTCF,ZYX,0.17853619
JUNB,ZYX,0.18762396
CTCF,SNRPE,0.817006
TIAL1,NCOA4,0.004509379
RLIM,NCOA4,0.0064346446
YBX1,NCOA4,0.007610492
DDB1,NCOA4,0.006236993
EWSR1,NCOA4,0.0061123623
STAT1,NCOA4,0.013293168
LASS5,NCOA4,0.00519151
TCEB1,NCOA4,0.009565076
HMG20B,NCOA4,0.003931893
TCOF1,NCOA4,0.006228396
CTCF,FCER1G,0.48526588
STAT1,FCER1G,0.4942506
ELF1,FCER1G,0.41298133
TCEB2,NDUFA7,0.9048207
PBRM1,MAPK14,0.008915132
ETV3,MAPK14,0.008490504
CIITA,MAPK14,0.009075752
HCLS1,MAPK14,0.014536377
HTATIP2,MAPK14,0.007624049
PAPOLA,MAPK14,0.008934484
RDBP,MAPK14,0.009418197
SRRM1,MAPK14,0.008531454
PCBD2,MAPK14,0.008084108
NOTCH2,MAPK14,0.008714819
SUPT16H,TCF7L2,0.009138901
SNAPC5,TCF7L2,0.0077770283
ILK,TCF7L2,0.008786947
ATF4,TCF7L2,0.008703708
CSDE1,TCF7L2,0.010686758
DOT1L,TCF7L2,0.0055552064
JUN,TCF7L2,0.015074525
ZNRD1,TCF7L2,0.009516208
SFPQ,TCF7L2,0.007855154
WBP11,TCF7L2,0.008389524
NR3C1,MYL6,0.88245803
CTCF,MYL6,0.88099813
JUN,MYL6,0.8812024
CTCF,NDUFB7,0.33904168
EDF1,NDUFB7,0.30590948
POLR2I,NDUFB7,0.3256426
FXR1,PREB,0.0058341804
ZFHX3,PREB,0.0054514436
HMGB2,PREB,0.0066458927
UBTF,PREB,0.005199362
CIITA,PREB,0.0051408275
ZFX,PREB,0.010773671
ZFP148,PREB,0.0045169718
DPF2,PREB,0.0060158097
CDC5L,PREB,0.007927172
SRRM1,PREB,0.004831367
ZMYND11,SRSF3,0.0057568965
IRF2,SRSF3,0.016565796
RUNX1,SRSF3,0.007376366
SFPQ,SRSF3,0.008398609
AFF4,SRSF3,0.007243509
NFE2L2,SRSF3,0.015465252
SSB,SRSF3,0.012444589
CCRN4L,SRSF3,0.00826987
CSDA,SRSF3,0.0074656797
TCF12,SRSF3,0.0063116364
JMJD1C,STAT3,0.008966965
RBM39,STAT3,0.0103719
H1F0,STAT3,0.009534997
PAPOLA,STAT3,0.010715694
RBL2,STAT3,0.012646926
MYST2,STAT3,0.0109846005
POLR2H,STAT3,0.0124911815
CHD1,STAT3,0.011024124
TIAL1,STAT3,0.008180157
CBFA2T3,STAT3,0.009519059
GTF2F1,ATF2,0.008717716
ZFX,ATF2,0.014388366
MED27,ATF2,0.011265325
SRSF2,ATF2,0.011281056
CEBPA,ATF2,0.014977728
CREM,ATF2,0.006794596
ARL6IP5,ATF2,0.006091904
AES,ATF2,0.007311252
COPS5,ATF2,0.0064903013
SMAD4,ATF2,0.006896901
BTF3,KDM2B,0.014515096
AES,KDM2B,0.0071922424
HHEX,KDM2B,0.007076801
MTA2,KDM2B,0.005705047
POLR2K,KDM2B,0.0117324535
ATF4,KDM2B,0.00837583
NR3C1,KDM2B,0.014790534
PARP1,KDM2B,0.010395774
HMGA1,KDM2B,0.005440072
SMARCA4,KDM2B,0.0081524
CTCF,RPS28,0.60252106
POLR2J,BTG2,0.01049214
MAFF,BTG2,0.0073199603
TLR4,BTG2,0.006813599
KPNA2,BTG2,0.007253319
ETS2,BTG2,0.0078905765
ZMYM2,BTG2,0.00603664
CREBBP,BTG2,0.014923276
MCM3,BTG2,0.007000384
NFIL3,BTG2,0.006388403
REL,BTG2,0.015040905
EIF5B,EIF3K,0.8605351
KLF4,HAX1,0.012720229
DENND4A,HAX1,0.006254262
SUPT16H,HAX1,0.0077107144
MED8,HAX1,0.0075015654
TCF7L2,HAX1,0.007922688
ING1,HAX1,0.0047856937
NCOR1,HAX1,0.0066522956
PER1,HAX1,0.0069872867
EDF1,HAX1,0.010581591
RFX7,HAX1,0.006754174
AKT1,HOPX,0.0063216724
BAZ1A,HOPX,0.0064916764
COPS5,HOPX,0.006426133
CNOT2,HOPX,0.00587761
BIN1,HOPX,0.0060107135
POLR2E,HOPX,0.015245678
NR4A1,HOPX,0.0068142796
NFX1,HOPX,0.007052296
TOX4,HOPX,0.006226793
CHD4,HOPX,0.0070338584
RDBP,GATAD2A,0.0057075173
TRERF1,GATAD2A,0.0054608826
CSDE1,GATAD2A,0.008370936
CREB3,GATAD2A,0.0073104175
THRAP3,GATAD2A,0.008054391
CREBBP,GATAD2A,0.012042536
SERTAD2,GATAD2A,0.0061629117
NOTCH2,GATAD2A,0.0052758656
CBFA2T3,GATAD2A,0.00480234
RAD51,GATAD2A,0.0053383824
KLF4,TPM3,0.4964302
CTCF,RPL9,0.5582088
EGR2,HSPA8,0.8878919
CDC5L,HSPA8,0.8803592
RELA,HSPA8,0.88714594
EGR1,HSPA8,0.8864165
KDM2B,HSPA8,0.8717601
ZFX,HSPA8,0.8854081
JUN,RPL36A,0.89615923
FOS,RPL36A,0.8951118
STAT3,TWF1,0.41531146
CTBP1,IRF5,0.009034975
SUPT16H,IRF5,0.0140447235
ZFX,IRF5,0.022530483
H1F0,IRF5,0.009478646
TSC22D4,IRF5,0.010173864
RNF4,IRF5,0.009184177
YEATS4,IRF5,0.010196101
RBBP4,IRF5,0.012768754
TOB1,IRF5,0.011916779
ELL2,IRF5,0.009854978
POLR2J,RBM39,0.008168088
MCM5,RBM39,0.0057326383
SRSF3,RBM39,0.007442125
SUZ12,RBM39,0.0044294503
ZFP410,RBM39,0.00415837
MAPK1,RBM39,0.00852344
IRF4,RBM39,0.008583095
RUVBL2,RBM39,0.0060656667
ZFP36,RBM39,0.008162948
HMGB2,RBM39,0.006868018
NR4A1,POLR2J,0.008144083
EZH2,POLR2J,0.013405223
TCOF1,POLR2J,0.008440987
ZMYND11,POLR2J,0.0062345555
CNOT6,POLR2J,0.0075372
RUVBL2,POLR2J,0.009287675
JUN,POLR2J,0.017426467
MCM6,POLR2J,0.01100324
KPNA2,POLR2J,0.008642127
ILF3,POLR2J,0.010071733
CENPB,DNAJC2,0.0046848096
CREB3,DNAJC2,0.007872549
ETV3,DNAJC2,0.005543494
POLR2I,DNAJC2,0.012074192
BIN1,DNAJC2,0.0052285637
CREM,DNAJC2,0.005852579
PER1,DNAJC2,0.006983403
MCM6,DNAJC2,0.008019683
BATF3,DNAJC2,0.007812025
KDM5A,DNAJC2,0.005334356
SP1,CCL17,0.8589939
RELA,CCL17,0.8624498
REL,CCL17,0.8619587
ZFHX3,NSD1,0.008288983
CNOT6,NSD1,0.007236798
SUPT6H,NSD1,0.0067426385
CTBP1,NSD1,0.006524981
PCBD2,NSD1,0.0069627203
GTF2A1,NSD1,0.011705707
SSB,NSD1,0.012913318
ZFX,NSD1,0.016301123
ZFP36L1,NSD1,0.010343058
BUB3,NSD1,0.0075461087
TGIF1,PSMB8,0.88163304
ING1,ZFX,0.008281308
SUB1,ZFX,0.009046074
HIST1H1C,ZFX,0.0075236904
MED15,ZFX,0.013987235
EHMT1,ZFX,0.007872087
CXXC1,ZFX,0.008158027
CEBPA,ZFX,0.022181239
IVNS1ABP,ZFX,0.008461551
SFPQ,ZFX,0.0114349555
PCBD2,ZFX,0.009123154
NR3C1,FOXJ3,0.011441619
PREB,FOXJ3,0.0045355116
MED8,FOXJ3,0.00660962
ING1,FOXJ3,0.00422017
TLR4,FOXJ3,0.0052086837
RUNX1,FOXJ3,0.0051240255
TARDBP,FOXJ3,0.0049151354
MAPK1,FOXJ3,0.008381507
NSD1,FOXJ3,0.0064679678
TSG101,FOXJ3,0.011149333
EHMT2,H3F3A,0.4670158
MCM6,H3F3A,0.5273056
EZH2,H3F3A,0.5594247
HDAC1,H3F3A,0.6253779
SUPT16H,H3F3A,0.51921666
ASH1L,H3F3A,0.4492119
CHD1,H3F3A,0.4665161
RBL2,H3F3A,0.49941823
DNMT3A,H3F3A,0.5641589
CEBPA,H3F3A,0.6237513
STAT3,ARPC5,0.66513455
CTCF,IDH1,0.88471764
ZFX,IDH1,0.8850291
IRF1,IDH1,0.88604885
TARDBP,HMGB2,0.0064247996
SNAPC5,HMGB2,0.0075533623
NCOA4,HMGB2,0.007009877
YEATS4,HMGB2,0.00643235
SIRT7,HMGB2,0.0063298577
HTATIP2,HMGB2,0.005733339
DENND4A,HMGB2,0.0072044586
ASH1L,HMGB2,0.006344592
LDB1,HMGB2,0.009069712
WBP11,HMGB2,0.008148391
XBP1,POLR2G,0.010608278
KLF13,POLR2G,0.01238841
MCM6,POLR2G,0.014796422
SRSF2,POLR2G,0.017920533
RELA,POLR2G,0.024315994
ARL6IP5,POLR2G,0.009711434
JUN,POLR2G,0.02338207
HDAC1,POLR2G,0.023002036
POLR2C,POLR2G,0.011935001
RBM39,POLR2G,0.01044728
CHD7,NFIL3,0.004759582
PREB,NFIL3,0.0047251657
STAT6,NFIL3,0.0100041395
ZBTB7A,NFIL3,0.005352222
ATF2,NFIL3,0.0068372567
VDR,NFIL3,0.005801671
RELA,NFIL3,0.012161632
CHD4,NFIL3,0.005618853
POLR2J,NFIL3,0.008366188
MCM6,NFIL3,0.0073649543
FOS,LSP1,0.36720613
JUNB,LSP1,0.37265444
JUN,LSP1,0.35965398
BACH1,LSP1,0.3624192
FOSB,LSP1,0.36452743
TCOF1,CSDA,0.005785091
NFKBIA,CSDA,0.010265676
PA2G4,CSDA,0.009404545
CCRN4L,CSDA,0.0061383597
FUBP3,CSDA,0.0048317416
BUB3,CSDA,0.0053854003
CNOT8,CSDA,0.0061888364
TRERF1,CSDA,0.005544138
MCM5,CSDA,0.0060225422
WBP11,CSDA,0.0066620894
SIRT2,ZMYND11,0.005576598
NFE2L2,ZMYND11,0.009381212
ZFP148,ZMYND11,0.0039904052
SRRT,ZMYND11,0.0041639516
EWSR1,ZMYND11,0.0046212506
SMARCA5,ZMYND11,0.005366278
MITF,ZMYND11,0.004686689
MBD2,ZMYND11,0.007066378
EZH2,ZMYND11,0.0075041326
ARID1B,ZMYND11,0.0034620923
SFPQ,RBL2,0.007083783
TARDBP,RBL2,0.00596485
SRSF6,RBL2,0.008007947
APEX1,RBL2,0.010980546
DPF2,RBL2,0.0074176183
LASS2,RBL2,0.008009913
SFPI1,RBL2,0.01067244
FOXN2,RBL2,0.007261238
NFAT5,RBL2,0.0060425852
POLR2E,RBL2,0.014216103
CHD4,JMJD1C,0.0050477963
NFIL3,JMJD1C,0.004569986
ZNRD1,JMJD1C,0.006622861
ZBTB7A,JMJD1C,0.0048081367
POLR2H,JMJD1C,0.005618619
SUB1,JMJD1C,0.0043157265
STAT6,JMJD1C,0.008992484
CNOT2,JMJD1C,0.004216641
TGIF1,JMJD1C,0.011262489
MYEF2,JMJD1C,0.0045498526
RBL2,STMN1,0.3543143
KLF4,STMN1,0.47401503
TRP53,STMN1,0.48954454
PARP1,DDB1,0.009520417
MCM6,DDB1,0.008380351
TRPS1,DDB1,0.004597938
HNRNPK,DDB1,0.009095793
ATF4,DDB1,0.0076692416
PBRM1,DDB1,0.006089404
SUPT16H,DDB1,0.00805313
FXR1,DDB1,0.007034551
BHLHE40,DDB1,0.008851897
CIC,DDB1,0.0048755845
CTCF,MYL12B,0.2209306
ZFX,DSTN,0.40293512
KLF4,DSTN,0.40866864
JUP,EDF1,0.010452468
GTF2A1,EDF1,0.014088541
NR3C1,EDF1,0.020480122
MAPK14,EDF1,0.016033456
BCLAF1,EDF1,0.010156835
ATF3,EDF1,0.015092576
TAF12,EDF1,0.011531062
JUN,EDF1,0.020094132
MED27,EDF1,0.015364787
SERTAD2,EDF1,0.010525212
CTCF,PSMA7,0.23360427
CTNNB1,PSMA7,0.24004558
CTBP1,LDB1,0.0063104047
MCM7,LDB1,0.01009626
RNPS1,LDB1,0.006824523
TAX1BP3,LDB1,0.0096543655
RELA,LDB1,0.016832149
ARL6IP5,LDB1,0.0066948226
RBBP4,LDB1,0.00892317
CDC5L,LDB1,0.011629721
TLR4,LDB1,0.0075394553
SUB1,LDB1,0.006676906
IRF2,CXCL16,0.8049399
JUN,CXCL16,0.8052664
IRF1,CXCL16,0.8114651
CTCF,CXCL16,0.8045867
ZFX,COX4I1,0.50412124
SP1,COX4I1,0.5150978
CEBPA,OST4,0.18683437
CTBP1,BAZ1A,0.0045141834
POLR2E,BAZ1A,0.012150622
SIN3B,BAZ1A,0.007565797
BTG1,BAZ1A,0.007281887
NFIL3,BAZ1A,0.005058155
BATF3,BAZ1A,0.0071352622
PREB,BAZ1A,0.00469812
AES,BAZ1A,0.0057499246
TAF6,BAZ1A,0.0043492443
MCM4,BAZ1A,0.0048400457
BACH1,BCAP31,0.8013957
CTCF,BCAP31,0.7989775
AHR,BCAP31,0.7980223
KLF4,BCAP31,0.80037445
ZFX,SHFM1,0.38288558
CEBPA,NDUFA4,0.8863799
TCOF1,MYEF2,0.005642374
DDX5,MYEF2,0.0094734095
MCM7,MYEF2,0.007280012
DNMT3A,MYEF2,0.008962397
ZFP36L1,MYEF2,0.007216901
PA2G4,MYEF2,0.009169081
KLF6,MYEF2,0.0062922123
SRRM1,MYEF2,0.0051146657
MITF,MYEF2,0.005614648
SUPT16H,MYEF2,0.007076184
CTNNB1,PSMA4,0.24183622
ZFX,PSMA4,0.2327841
RELA,XBP1,0.012155149
TCEB3,XBP1,0.0063373507
TCOF1,XBP1,0.005636125
CENPB,XBP1,0.0042964616
MCM6,XBP1,0.0073610125
HCFC1,XBP1,0.0065180724
CSDE1,XBP1,0.008274239
ZFML,XBP1,0.0053809555
NR3C1,XBP1,0.011909583
PCBP2,XBP1,0.0060886764
POLR2A,ZFP148,0.011427552
CREBBP,ZFP148,0.011391313
RLIM,ZFP148,0.005574388
MITF,ZFP148,0.00536905
MED8,ZFP148,0.00658356
SRRT,ZFP148,0.0047713215
POLR2C,ZFP148,0.0056676613
TAF7,ZFP148,0.004733389
DEK,ZFP148,0.0066860574
VDR,ZFP148,0.0055480986
CEBPA,GABARAP,0.58650774
SMARCC2,SRSF2,0.0061059888
GTF2I,SRSF2,0.009088244
TCEA1,SRSF2,0.008502467
GTF2B,SRSF2,0.011125091
CEBPA,SRSF2,0.017757887
APEX1,SRSF2,0.014127301
CNOT6L,SRSF2,0.010641456
TRP53,SRSF2,0.018404821
BACH1,SRSF2,0.017662756
POLR2C,SRSF2,0.008892713
UPF1,RPL18A,0.8117071
EIF5B,RPL18A,0.8130461
PER1,POLR2D,0.009731499
CEBPA,POLR2D,0.017951576
MAFF,POLR2D,0.008858882
CBFB,POLR2D,0.0098367045
CNOT8,POLR2D,0.009169167
CIITA,POLR2D,0.008270702
MATR3,POLR2D,0.011449318
RBBP7,POLR2D,0.01491577
TCEB3,POLR2D,0.0096286535
ILK,POLR2D,0.010320781
MCM3,SRRM1,0.0056143287
KLF4,SRRM1,0.011761027
DAB2,SRRM1,0.0075564226
NCOR1,SRRM1,0.0061478103
POLR2C,SRRM1,0.0059681367
FUBP3,SRRM1,0.004745308
STAT3,SRRM1,0.012124076
SRSF9,SRRM1,0.0073890677
STAT6,SRRM1,0.01007382
NCOR2,SRRM1,0.0051254285
ZFX,RPS27A,0.6483141
SP1,MDH2,0.47914413
CTCF,RPS3A,0.8442261
CTBP1,MYST2,0.0047368524
JUP,MYST2,0.0063157654
BUB3,MYST2,0.0054796874
POLR2B,MYST2,0.004066144
RBL2,MYST2,0.0066074254
MED15,MYST2,0.007778151
CBFA2T3,MYST2,0.0049618306
CHD7,MYST2,0.0049657123
MCM4,MYST2,0.0050786994
RNPS1,MYST2,0.0051234276
EIF5B,RPS3,0.7443995
UPF1,RPS3,0.7415745
EGR2,HPRT,0.34623033
EGR1,HPRT,0.343882
SP1,MIF,0.70364666
TRP53,MIF,0.7124621
CTBP1,TCOF1,0.0052882214
ATF3,TCOF1,0.010184448
ZNRD1,TCOF1,0.008569659
EHMT1,TCOF1,0.004867593
UBP1,TCOF1,0.005990435
GTF2A2,TCOF1,0.006809705
HIF1A,TCOF1,0.013867866
BIN1,TCOF1,0.0055912402
RFX7,TCOF1,0.00721673
CEBPA,TCOF1,0.013791952
IRF2,RPL30,0.3534197
ZFX,RPL30,0.3476901
BCLAF1,CNOT6L,0.007568382
PHB2,CNOT6L,0.005926837
EWSR1,CNOT6L,0.007129505
RAD51,CNOT6L,0.0068077184
NFAT5,CNOT6L,0.0066799484
TAF9,CNOT6L,0.012103106
DENND4A,CNOT6L,0.0073941126
MYST2,CNOT6L,0.0070717293
IRF1,CNOT6L,0.01572971
TRERF1,CNOT6L,0.0069625527
TRIM28,UPF1,0.012664253
EHMT2,UPF1,0.01075071
H1F0,UPF1,0.00921068
ZFP410,UPF1,0.008249008
MAPK1,UPF1,0.016795684
HMG20B,UPF1,0.0069012525
VDR,UPF1,0.011206189
FOXJ3,UPF1,0.009375821
TIAL1,UPF1,0.00790156
TCEB2,UPF1,0.01724778
ILF3,ING1,0.0058893934
POLR2F,ING1,0.0110214325
STAT3,ING1,0.010528947
CXXC1,ING1,0.003781241
SMARCC2,ING1,0.003551478
SFPQ,ING1,0.0053137955
TCOF1,ING1,0.0049269455
ETS2,ING1,0.0054950044
EGR1,ING1,0.010773382
DOT1L,ING1,0.0037530435
SP1,TSPO,0.6861957
BTG1,AKT1,0.0073778955
SRSF1,AKT1,0.0049802302
PBRM1,AKT1,0.0053875437
BUB3,AKT1,0.005293798
SNRPD1,AKT1,0.009276274
SFPQ,AKT1,0.006128047
ARID1A,AKT1,0.009710843
IRF4,AKT1,0.008858718
KLF13,AKT1,0.0062033995
WBP11,AKT1,0.006545708
MED21,CD36,0.32504797
STAT1,CD36,0.444193
MED15,CD36,0.3513118
MED27,CD36,0.38281164
MED1,CD36,0.3816635
NCOA3,CD36,0.433377
NFE2L2,CD36,0.43800697
FOXJ3,HMGA1,0.0042634867
TUBA1A,HMGA1,0.004378949
NOTCH2,HMGA1,0.004593332
NONO,HMGA1,0.006057522
ZNRD1,HMGA1,0.0064833043
TOP2B,HMGA1,0.00432576
HMGA1,HMGA1,0.003843738
PBRM1,HMGA1,0.0046993555
CTCFL,HMGA1,0.00337102
ARID1B,HMGA1,0.0036471684
SMARCC2,SRRT,0.0041557504
HHEX,SRRT,0.0058127493
EGR2,SRRT,0.012510277
UPF1,SRRT,0.011897727
TCEB3,SRRT,0.0064750877
ID3,SRRT,0.0070647015
ZFP148,SRRT,0.0048849955
GTF2F1,SRRT,0.0070437463
AES,SRRT,0.005907693
TCERG1,SRRT,0.0054590623
ZFX,TUBA1B,0.40538895
EGR1,ATP5J,0.47425333
ZFX,ATP5J,0.45571873
EGR2,ATP5J,0.47684485
KLF4,MALAT1,0.89656687
ZFX,MALAT1,0.8963341
IRF4,H2-AA,0.8304485
IRF1,H2-AA,0.84854215
IRF2,H2-AA,0.8433744
STAT1,H2-AA,0.84711576
IRF5,H2-AA,0.85250974
HIF1A,GTF2F1,0.015309329
IVNS1ABP,GTF2F1,0.005777983
SRSF9,GTF2F1,0.009424551
MAFF,GTF2F1,0.0074952776
NCOR1,GTF2F1,0.007847817
REL,GTF2F1,0.015397687
BTG1,GTF2F1,0.009403702
POLR1D,GTF2F1,0.007004863
KDM5C,GTF2F1,0.0051243464
ILK,GTF2F1,0.008740269
MBD2,KLF6,0.009792431
ID3,KLF6,0.0080151055
POLR2F,KLF6,0.014583434
KLF10,KLF6,0.006636197
BHLHE40,KLF6,0.009009484
ETS2,KLF6,0.0072840764
MYST2,KLF6,0.0063595404
CNOT6L,KLF6,0.008218725
SRSF3,KLF6,0.0088278195
POLR2A,KLF6,0.013827476
MATR3,NAP1L4,0.009287995
SRRT,NAP1L4,0.00614543
DDB1,NAP1L4,0.0069577764
APEX1,NAP1L4,0.011592383
MYD88,NAP1L4,0.013400671
CTCFL,NAP1L4,0.0047248136
NONO,NAP1L4,0.008468891
DENND4A,NAP1L4,0.007072011
SUPT6H,NAP1L4,0.005779257
WBP11,NAP1L4,0.007991438
NCOA3,THRAP3,0.017007759
NFKBIA,THRAP3,0.014267368
TUBA1A,THRAP3,0.007118159
MEF2A,THRAP3,0.017243585
HIF1A,THRAP3,0.016997216
TCF12,THRAP3,0.006526493
POLR2F,THRAP3,0.017942468
KLF6,THRAP3,0.008983727
BHLHE40,THRAP3,0.011099118
FXR1,THRAP3,0.008820742
STAT3,LIPA,0.46289566
STAT1,GNB2L1,0.7642497
TCEB1,GNB2L1,0.7175837
AHR,GNB2L1,0.75749946
ZFX,PTP4A1,0.38542476
SP1,MT1,0.8046605
CREBBP,MT1,0.80497164
TRP53,MT1,0.81058687
DNMT3A,MT1,0.7644387
STAT1,MT1,0.8059913
HIF1A,MT1,0.8056721
FOS,MT1,0.80566245
NFE2L2,MT1,0.80319124
USF2,MT1,0.8078266
STAT3,MT1,0.80640525
CTCF,RPL11,0.86823994
AHR,MARCKS,0.83264023
ZFX,MRFAP1,0.6995176
EHMT2,SF1,0.009157405
HAX1,SF1,0.009952742
SUZ12,SF1,0.007480719
MYST2,SF1,0.0090386
CHD7,SF1,0.007836389
SUPT5H,SF1,0.006953502
IRF4,SF1,0.0144330105
PBRM1,SF1,0.008797597
HNRNPAB,SF1,0.009605169
ZMYND11,SF1,0.006858988
STAT3,CISH,0.33202085
CTCF,CISH,0.323441
STAT1,CISH,0.33135834
STAT6,CISH,0.30002242
NR3C1,PFDN5,0.7444466
RELA,BCL2A1B,0.8538713
NFKB1,BCL2A1B,0.8531797
ELF1,POLR2H,0.00936181
MED1,POLR2H,0.010469689
STAT6,POLR2H,0.0115681505
RFX7,POLR2H,0.007172059
SRSF3,POLR2H,0.008817786
FOSL2,POLR2H,0.0055908454
RNF4,POLR2H,0.005339869
HCFC1,POLR2H,0.0075452738
HMGA1,POLR2H,0.0050594024
AFF4,POLR2H,0.0060642664
KDM5A,VDR,0.0054027014
SF1,VDR,0.010584157
IRF2,VDR,0.013254497
CIITA,VDR,0.006002787
FUBP3,VDR,0.005198265
TAF12,VDR,0.007371605
CDC5L,VDR,0.009252373
BATF3,VDR,0.0079121115
HHEX,VDR,0.0062762103
MED1,VDR,0.009982124
BACH1,RASSF4,0.6202017
AHR,CD83,0.90302855
MYD88,CXXC1,0.009380929
RBL2,CXXC1,0.005443889
CNOT6,CXXC1,0.0043235547
AEBP2,CXXC1,0.0039747837
ATF2,CXXC1,0.0058774287
NONO,CXXC1,0.005919635
TAF6,CXXC1,0.003754679
ZFHX3,CXXC1,0.004957409
CIC,CXXC1,0.0036730152
AHR,CXXC1,0.010321828
REL,CREB3,0.015595553
NFKBIA,CREB3,0.013012551
POLR2J,CREB3,0.010880916
HTATIP2,CREB3,0.0059500164
ZFP148,CREB3,0.006226932
RBBP7,CREB3,0.012807847
CNOT8,CREB3,0.007855982
RUNX1,CREB3,0.0069502788
SRSF9,CREB3,0.009546415
AES,CREB3,0.0075284448
SFPI1,FCGR3,0.9073527
UBTF,POLR3K,0.0074676033
YEATS4,POLR3K,0.006956575
SUPT16H,POLR3K,0.009581923
POLR2C,POLR3K,0.0080399085
TUBA1A,POLR3K,0.006759508
AGAP3,POLR3K,0.0071197497
TARDBP,POLR3K,0.006948413
MED15,POLR3K,0.010093422
GTF2E2,POLR3K,0.009062994
DOT1L,POLR3K,0.0058347723
NFKBIA,SKI,0.009894112
TRPS1,SKI,0.0039902935
CHD1,SKI,0.005450662
STAT6,SKI,0.009888149
SNRPD1,SKI,0.009098762
STAT1,SKI,0.011916924
COPS2,SKI,0.00519661
FOXN2,SKI,0.00616115
MED1,SKI,0.008947772
NFKBIZ,SKI,0.00811188
AFF4,LMO4,0.0056256857
NFE2L2,LMO4,0.012032004
ID3,LMO4,0.0074220537
HTATIP2,LMO4,0.004903672
BAZ1A,LMO4,0.0055649304
MDM2,LMO4,0.004968729
YBX1,LMO4,0.0073991856
STAT6,LMO4,0.010727199
CHD7,LMO4,0.005108325
RBBP4,LMO4,0.0068967086
STAT3,COX5B,0.7693949
STAT1,COX5B,0.7688769
USF2,COX5B,0.77083224
STAT6,COX5B,0.7419373
KLF4,CKS1B,0.28600985
MCM6,CKS1B,0.2144895
TRP53,CKS1B,0.29887995
MCM7,CKS1B,0.21119054
MCM4,CKS1B,0.16157046
AHR,CKS1B,0.28396174
MCM3,CKS1B,0.18031186
SP1,CD24A,0.89675266
CTCF,CD24A,0.8977545
AHR,CHMP5,0.5535841
IRF1,CHMP5,0.56748456
IRF2,CHMP5,0.55640954
ZFX,PTP4A2,0.8025315
KLF4,PTP4A2,0.8057554
ZFX,RPL36AL,0.7050796
MEF2A,RPL36AL,0.7127529
AHR,RPS26,0.84097373
CEBPA,RPS26,0.8449804
SFPI1,STAT6,0.015768599
HIF1A,STAT6,0.020490006
MDM2,STAT6,0.00799489
TRP53,STAT6,0.021118792
RLIM,STAT6,0.010057409
CDC5L,STAT6,0.014440325
CTBP1,STAT6,0.007840706
RUVBL2,STAT6,0.010710029
ILK,STAT6,0.011722598
PCBD2,STAT6,0.008366563
UPF1,RPL37A,0.857927
POLR2F,RPL37A,0.8625247
IRF1,RPL37A,0.8601563
EIF5B,RPL37A,0.8577974
CREM,MCM5,0.006150916
POLR2B,MCM5,0.0044618025
POLR2A,MCM5,0.013654831
DNMT3A,MCM5,0.010248345
CIC,MCM5,0.00489886
SMAD4,MCM5,0.0062435935
HDGF,MCM5,0.009676817
ZFP91,MCM5,0.006025695
ATF2,MCM5,0.007819677
RFC1,MCM5,0.005647545
ATF3,POLR2A,0.018811502
ID3,POLR2A,0.014879529
CHD7,POLR2A,0.010274797
MED21,POLR2A,0.014212314
SMARCA4,POLR2A,0.014115855
REL,POLR2A,0.025643349
TIAL1,POLR2A,0.008836477
ELF2,POLR2A,0.0072742216
STAT3,POLR2A,0.025718918
HDAC1,POLR2A,0.024576057
CREBBP,ENO1,0.8026202
EGR1,ENO1,0.80669487
HIF1A,ENO1,0.80339795
ZFX,TMSB4X,0.36198285
UPF1,DOT1L,0.010080252
NFKBIB,DOT1L,0.0054179216
THRAP3,DOT1L,0.0068855216
NFAT5,DOT1L,0.004480976
RUNX1,DOT1L,0.0046113185
MITF,DOT1L,0.0048502036
JUNB,DOT1L,0.010532693
ILK,DOT1L,0.0058805137
CBFA2T3,DOT1L,0.004107982
SUB1,DOT1L,0.0041499073
CTCF,ATP5O,0.5504544
MEF2A,ATP5O,0.5561794
CREB3,MYD88,0.013796402
ATF3,MYD88,0.016700467
KDM2B,MYD88,0.01265555
ELF2,MYD88,0.0064323894
NCOA4,MYD88,0.0106916595
SNRPD1,MYD88,0.017533362
IRF4,MYD88,0.016752815
DPF2,MYD88,0.012171299
ELL2,MYD88,0.009485417
MCM4,MYD88,0.009321111
RFX7,TIAL1,0.0050882497
TRIM28,TIAL1,0.005391853
KLF13,TIAL1,0.0050531635
MLL2,TIAL1,0.0047459137
POLR3K,TIAL1,0.005516243
COPS5,TIAL1,0.0042088334
AES,TIAL1,0.004743493
STAT6,TIAL1,0.008217652
POLR2I,TIAL1,0.009113172
EDF1,TIAL1,0.007979214
KLF4,BC028528,0.884144
JUN,BC028528,0.88360685
TGIF1,BC028528,0.8859629
FOS,BC028528,0.88282543
IRF1,BC028528,0.8847703
IRF2,BC028528,0.88148934
BACH1,BC028528,0.8839784
FOS,PHB2,0.010985756
HNRNPAB,PHB2,0.005227351
TSC22D4,PHB2,0.004576381
NCOR1,PHB2,0.0054681594
ZFML,PHB2,0.0048203254
BCLAF1,PHB2,0.005265358
MBD2,PHB2,0.0075763664
MAPK14,PHB2,0.00834307
HSBP1,PHB2,0.0074608694
FOXJ3,PHB2,0.004338747
NFKB1,SMARCC2,0.010221271
TCEB3,SMARCC2,0.005226017
EDF1,SMARCC2,0.008011326
NFKBIB,SMARCC2,0.005167008
SRSF1,SMARCC2,0.004066073
POLR2F,SMARCC2,0.010398589
TRERF1,SMARCC2,0.00445034
MED1,SMARCC2,0.0074648815
ZFP36L1,SMARCC2,0.0059498334
CSDE1,SMARCC2,0.006825581
DNMT1,POLR1D,0.009462667
SSRP1,POLR1D,0.004961899
BTG1,POLR1D,0.007443136
GTF2I,POLR1D,0.0061580795
CHD4,POLR1D,0.0057078227
SRSF6,POLR1D,0.0069896956
CTCF,POLR1D,0.011833506
HIF1A,POLR1D,0.012132582
COPS5,POLR1D,0.005212233
NONO,POLR1D,0.0070007183
CTCF,NAA20,0.3373901
MEF2A,NAA20,0.34258786
SMARCE1,ARID1A,0.006791662
SMARCA4,ARID1A,0.011008009
CSDA,ARID1A,0.009081286
ELF2,ARID1A,0.005635238
AEBP2,ARID1A,0.007786845
COPS5,ARID1A,0.00862872
PA2G4,ARID1A,0.015363157
MAPK3,ARID1A,0.012711579
POLR2D,ARID1A,0.013110205
LASS2,ARID1A,0.011538653
STAT3,TAX1BP3,0.015077336
TCEB3,TAX1BP3,0.007951644
SP1,TAX1BP3,0.015204357
MED15,TAX1BP3,0.00934744
TAX1BP3,TAX1BP3,0.008728605
TAF12,TAX1BP3,0.008380988
BHLHE40,TAX1BP3,0.009752729
SMARCB1,TAX1BP3,0.011543515
FOS,TAX1BP3,0.015348376
DOT1L,TAX1BP3,0.0053936103
CTCF,CAPNS1,0.73019105
IVNS1ABP,FXR1,0.0058115316
NFKBIB,FXR1,0.0081009185
NAP1L4,FXR1,0.008105295
CDC5L,FXR1,0.010822792
EIF5B,FXR1,0.015400776
KLF6,FXR1,0.008130448
AGAP3,FXR1,0.0067858878
HMGB2,FXR1,0.0090777725
FXR1,FXR1,0.007984689
CNOT8,FXR1,0.007803131
HMG20B,KLF4,0.0068851653
COPS5,KLF4,0.00989819
H1F0,KLF4,0.009190007
MED1,KLF4,0.01737253
PHB2,KLF4,0.008878599
RELA,KLF4,0.023273934
CTCFL,KLF4,0.0074042547
TARBP2,KLF4,0.007435928
COPS2,KLF4,0.010132822
SUB1,KLF4,0.009267698
MYST2,SND1,0.008352401
ZFP91,SND1,0.008006864
BCLAF1,SND1,0.0089381905
ZFX,SND1,0.017264415
DEK,SND1,0.010612167
EIF5B,SND1,0.018092986
RFC1,SND1,0.0075053223
ZFML,SND1,0.0081926705
MED27,SND1,0.013525676
BIN1,SND1,0.007303335
EGR1,BLVRB,0.77868295
KLF4,SEC11C,0.31387183
TARDBP,SIRT7,0.005206008
SUPT6H,SIRT7,0.004770258
BAZ1A,SIRT7,0.0052716783
TRPS1,SIRT7,0.004102786
KLF10,SIRT7,0.0058260104
ILF3,SIRT7,0.0068486775
UBP1,SIRT7,0.005229392
SRSF1,SIRT7,0.005023664
CDC5L,SIRT7,0.008526306
NONO,SIRT7,0.0069979904
KLF4,RPL12,0.49137875
CEBPA,RPL12,0.49396393
HDAC1,CDKN1A,0.8508387
KLF4,CDKN1A,0.8475366
STAT3,CDKN1A,0.84927183
RBL2,CDKN1A,0.7923898
TSG101,CDKN1A,0.8443333
EHMT2,CDKN1A,0.769935
RBPJ,CDKN1A,0.84406215
IRF1,CDKN1A,0.85014135
ZFP148,CDKN1A,0.74549127
NFKB1,CDKN1A,0.8502404
RUVBL2,FOSL2,0.0060654366
DENND4A,FOSL2,0.005607792
CBX3,FOSL2,0.006019714
DNMT3A,FOSL2,0.008751107
TCOF1,FOSL2,0.0055094673
BTF3,FOSL2,0.011416988
NFE2L2,FOSL2,0.0109566
SNRPB,FOSL2,0.007018542
ING1,FOSL2,0.0042931293
DAB2,FOSL2,0.007325909
CTCF,AA467197,0.76069164
CTNNB1,PSMA1,0.3968722
ZFX,PSMA1,0.38496345
MEF2A,JUP,0.013672496
TOX4,JUP,0.0056215716
RNPS1,JUP,0.005550917
GTF2F1,JUP,0.007795735
MED1,JUP,0.0102256145
HMGA1,JUP,0.0049429615
BHLHE40,JUP,0.008789152
SNRPB,JUP,0.008122576
SSRP1,JUP,0.005523164
POLR2B,JUP,0.0044058086
CTCF,UQCRB,0.8563663
ZFX,UQCRB,0.8561665
MAPK3,KPNA2,0.008154636
KDM5A,KPNA2,0.005268813
AGAP3,KPNA2,0.0056445096
SERTAD2,KPNA2,0.0065587508
ATF6,KPNA2,0.007645545
HNRNPAB,KPNA2,0.0062808003
MTA2,KPNA2,0.0049334397
DDX5,KPNA2,0.010193176
DAB2,KPNA2,0.008074329
IRF1,KPNA2,0.013169118
KLF4,MCM6,0.015784591
HNRNPD,MCM6,0.01208866
TCOF1,MCM6,0.0076464093
CHD4,MCM6,0.007614833
MCM5,MCM6,0.007957748
GTF2A2,MCM6,0.007924326
RBL2,MCM6,0.008575482
IRF5,MCM6,0.016922241
ZEB2,MCM6,0.008225755
NOTCH2,MCM6,0.007081828
GTF2A2,DEK,0.0073304083
DAB2,DEK,0.009404261
HNRNPD,DEK,0.011195115
POLR2E,DEK,0.015291655
POLR2J,DEK,0.010482452
NFKBIA,DEK,0.01253702
ATF6,DEK,0.008905485
SRSF5,DEK,0.0064397594
IRF1,DEK,0.015325253
COPS2,DEK,0.0065878523
TOX4,CENPB,0.004252941
SIN3B,CENPB,0.0065123416
BAZ1A,CENPB,0.0044342326
EDF1,CENPB,0.008319007
HMGB2,CENPB,0.006021989
CSDE1,CENPB,0.0070880475
NFKB1,CENPB,0.010612913
PARP1,CENPB,0.0071646776
AKT1,CENPB,0.004317877
HMG20A,CENPB,0.004631252
CTCF,RPL23A,0.61779225
ZFX,FIS1,0.11863392
CTCF,FIS1,0.12014181
ZFX,EIF5A,0.44457278
EGR1,EIF5A,0.46303967
BACH1,ATOX1,0.71435016
TGIF1,ARHGDIB,0.8846409
EHMT2,HIST1H1C,0.0045610215
POLR2K,HIST1H1C,0.0077504306
SSB,HIST1H1C,0.0074019944
CIITA,HIST1H1C,0.00446028
SP1,HIST1H1C,0.009966937
MAPK1,HIST1H1C,0.0071617
PHB2,HIST1H1C,0.003771031
TARBP2,HIST1H1C,0.0031559167
SNRPB,HIST1H1C,0.005896027
MCM7,HIST1H1C,0.0059713456
ZFX,RPL27,0.7512052
KHDRBS1,RUVBL2,0.004949862
ZBTB7A,RUVBL2,0.006206075
MYEF2,RUVBL2,0.0058731455
MYST2,RUVBL2,0.006368119
CHD1,RUVBL2,0.006391373
LDB1,RUVBL2,0.008379863
MBD2,RUVBL2,0.009797838
TOB1,RUVBL2,0.0069526164
UBE2K,RUVBL2,0.0055065313
NFKB1,RUVBL2,0.014343657
SIN3B,RFC1,0.0073698116
YEATS4,RFC1,0.004965441
GTF2A2,RFC1,0.0056641256
SIRT7,RFC1,0.004886203
RBBP4,RFC1,0.0062294374
LASS2,RFC1,0.006662569
MLL2,RFC1,0.00560524
TARDBP,RFC1,0.0049595996
MITF,RFC1,0.0054380624
FOXJ3,RFC1,0.004697349
CREBBP,PTMA,0.81952995
NFE2L2,PTMA,0.81868947
EGR1,PTMA,0.82274795
REL,PTMA,0.82147205
AHR,PTMA,0.8146388
KLF4,PTMA,0.81749773
ZFX,PTMA,0.8148064
CCRN4L,ARID1B,0.005020466
IRF2,ARID1B,0.010096414
ILK,ARID1B,0.0057082833
SNRPD1,ARID1B,0.007726108
KHDRBS1,ARID1B,0.0035776293
BTG2,ARID1B,0.0055320347
CSDA,ARID1B,0.004529698
TLR4,ARID1B,0.0045493436
ARID1B,ARID1B,0.0034778374
PCBD2,ARID1B,0.004061929
NFKB1,CCL3,0.49635077
FOS,CCL3,0.48996353
MEF2A,CCL3,0.48634392
IRF5,CCL3,0.5050885
RELA,CCL3,0.4946098
JUN,CCL3,0.48180905
CEBPA,CCL3,0.4854895
TAF9,TFDP1,0.007969953
PER1,TFDP1,0.00542718
NSD1,TFDP1,0.005702316
ILK,TFDP1,0.0057586627
TOP2B,TFDP1,0.004162068
MED21,TFDP1,0.005589901
MYST2,TFDP1,0.0046458244
ING1,TFDP1,0.0037185808
HCLS1,TFDP1,0.007402741
HCFC1,TFDP1,0.0055193757
REL,BCL2A1D,0.88321686
NFKB1,BCL2A1D,0.8824326
RELA,BCL2A1D,0.8833923
ZFX,COX7C,0.25870273
KPNA2,ZFP36L1,0.008230701
SNRPD1,ZFP36L1,0.013074734
CNOT6,ZFP36L1,0.0071779997
IRF1,ZFP36L1,0.017366989
AEBP2,ZFP36L1,0.0066004964
RELA,ZFP36L1,0.017251618
POLR2E,ZFP36L1,0.017329002
DAB2,ZFP36L1,0.010665711
RUVBL2,ZFP36L1,0.008843989
PCBD2,ZFP36L1,0.0069061266
YBX1,YWHAE,0.68879175
HNRNPAB,YWHAE,0.65399164
EWSR1,YWHAE,0.6451524
SFPQ,YWHAE,0.66391075
TRIM28,YWHAE,0.67064786
NONO,YWHAE,0.68382293
ZFX,YWHAE,0.7658583
AHR,HSP90AB1,0.8671141
KLF4,HSP90AB1,0.87096953
TRP53,HSP90AB1,0.8736567
JUN,HSP90AB1,0.87036747
RDBP,HSP90AB1,0.8309715
STAT3,HSP90AB1,0.8716072
NR3C1,HSP90AB1,0.8718552
TCEB1,PER1,0.010485885
RNPS1,PER1,0.005945915
SRSF5,PER1,0.0062194774
SMARCE1,PER1,0.004889056
JUN,PER1,0.014125235
KDM5C,PER1,0.0048245518
AIP,PER1,0.005021431
HMG20A,PER1,0.006556173
ZMYND11,PER1,0.0050428677
PA2G4,PER1,0.01108704
JUN,RPL13,0.8220963
POLR2A,ACTB,0.7136915
KLF4,ACTB,0.71747386
STAT3,ACTB,0.7234124
STAT1,ACTB,0.7228285
REL,ACTB,0.7244136
ZFX,NDUFS6,0.87528384
KDM5A,USF2,0.009526831
RFC1,USF2,0.009596446
NFIL3,USF2,0.0098937135
HAX1,USF2,0.011755276
MDM2,USF2,0.009007612
JMJD1C,USF2,0.008715717
CTCFL,USF2,0.0074672
HNRNPAB,USF2,0.011345518
DOT1L,USF2,0.008366184
RBBP4,USF2,0.012482986
TRPS1,EHMT1,0.0034345002
MED8,EHMT1,0.0058638286
SRSF1,EHMT1,0.0042060167
TOB1,EHMT1,0.0051077334
SKI,EHMT1,0.00411227
THRAP3,EHMT1,0.0067852223
NCOA3,EHMT1,0.010179099
STAT6,EHMT1,0.008524289
MCM4,EHMT1,0.0041435743
CHD7,EHMT1,0.0040513026
SERTAD2,CNOT8,0.0074554863
TCEB1,CNOT8,0.010592279
MKL2,CNOT8,0.008039505
ZBTB7A,CNOT8,0.006550262
CIITA,CNOT8,0.00666001
WHSC1L1,CNOT8,0.0069739856
MTA2,CNOT8,0.005613309
SRSF2,CNOT8,0.010910625
MAPK14,CNOT8,0.011371933
DDB1,CNOT8,0.006914226
AHR,DPF2,0.015501478
BAZ1A,DPF2,0.006722269
NCOA3,DPF2,0.015429464
KHDRBS1,DPF2,0.0055348473
EIF5B,DPF2,0.015441334
SNRPD1,DPF2,0.011902779
TAF12,DPF2,0.008648837
TNFAIP3,DPF2,0.011326359
NFKBIZ,DPF2,0.010615021
CXXC1,DPF2,0.005616185
MEF2A,COX6A1,0.65154815
LDB1,DNMT3A,0.011887473
BTG2,DNMT3A,0.010849548
EHMT2,DNMT3A,0.00916993
SUPT5H,DNMT3A,0.006963222
RBL2,DNMT3A,0.01042301
JUP,DNMT3A,0.00996683
HDAC1,DNMT3A,0.01884703
IRF4,DNMT3A,0.01443704
ELF2,DNMT3A,0.0055291336
DEK,DNMT3A,0.011495837
FOXN2,MED1,0.010397043
HCLS1,MED1,0.014547531
DOT1L,MED1,0.0071832924
TIAL1,MED1,0.006826146
KPNA2,MED1,0.0096442215
TRPS1,MED1,0.0067445934
FLI1,MED1,0.007820727
POLR2C,MED1,0.009893
EIF5B,MED1,0.019842178
HMG20B,MED1,0.0059537464
ZFX,COMMD3,0.35699844
CEBPA,COMMD3,0.36486855
MKL2,CREM,0.006744807
BTG2,CREM,0.006761327
HOPX,CREM,0.006272654
CREM,CREM,0.0055091954
CEBPA,CREM,0.0121691385
TARBP2,CREM,0.003948903
CNOT6,CREM,0.0051635653
FOXJ3,CREM,0.0049721748
MITF,CREM,0.0057559684
TLR4,CREM,0.0055631017
MCM5,MATR3,0.008033872
ARL6IP5,MATR3,0.00659295
CHD4,MATR3,0.0076877056
HNRNPAB,MATR3,0.007986378
DDB1,MATR3,0.007730229
FOS,MATR3,0.016720744
NFE2L2,MATR3,0.015313996
KLF10,MATR3,0.007840079
RUVBL2,MATR3,0.008494338
TCEB3,MATR3,0.008669992
KLF4,SDHB,0.51007974
ZFX,SDHB,0.50413644
RBPJ,DENND4A,0.013123982
NAP1L4,DENND4A,0.0071043954
MLL2,DENND4A,0.006558456
H1F0,DENND4A,0.0054003214
HNRNPK,DENND4A,0.009052025
NME2,DENND4A,0.008307006
TCEB1,DENND4A,0.009818515
FOSB,DENND4A,0.013402814
FOXJ3,DENND4A,0.005497024
SRSF9,DENND4A,0.008309296
FUBP3,BACH1,0.009283902
HTATIP2,BACH1,0.009003046
TNF,BACH1,0.013625879
ZFP148,BACH1,0.009420186
DAZAP2,BACH1,0.011166852
RBL2,BACH1,0.012449365
STAT1,BACH1,0.023554506
BIN1,BACH1,0.009456752
RNPS1,BACH1,0.009673222
TARDBP,BACH1,0.010083488
EGR1,CHMP2A,0.47153926
AHR,CHMP2A,0.45642304
ZFX,CHMP2A,0.45301938
EGR2,CHMP2A,0.47412938
STAT3,CHMP2A,0.46626204
TSG101,CHMP2A,0.4533186
FOXN2,NFKBIA,0.010143517
MTA2,NFKBIA,0.0074651185
TAX1BP3,NFKBIA,0.011322936
ZBTB7A,NFKBIA,0.008708264
MKL2,NFKBIA,0.010700843
RUVBL2,NFKBIA,0.01011022
HAX1,NFKBIA,0.00984702
EGR2,NFKBIA,0.019869562
MYST2,NFKBIA,0.008935691
SFPQ,NFKBIA,0.009896775
TRP53,SUMO1,0.2916573
SF1,SUMO1,0.2506898
HIF1A,SUMO1,0.28396863
IRF1,SUMO1,0.28839898
STAT1,SUMO1,0.28434706
ZFX,SUMO1,0.27421674
RBBP7,SUMO1,0.24551938
SMAD4,SUMO1,0.17076561
CTCF,SRSF6,0.015567796
ILK,SRSF6,0.009114174
FLI1,SRSF6,0.006282783
DNMT3A,SRSF6,0.011998099
PHB2,SRSF6,0.006176217
MEF2A,SRSF6,0.016191307
FOSB,SRSF6,0.0158367
TUBA1A,SRSF6,0.006684506
MKL2,SRSF6,0.008813108
BTF3,SRSF6,0.015637526
ZFX,RPL3,0.8976229
EIF5B,RPL3,0.896868
CHD1,ZFHX3,0.0064380695
KLF13,ZFHX3,0.0071868035
TAF9,ZFHX3,0.010974555
KLF6,ZFHX3,0.0073440494
MTA2,ZFHX3,0.0053569986
HDAC1,ZFHX3,0.01339888
TCEB1,ZFHX3,0.010112149
JMJD1C,ZFHX3,0.0052323127
MAFF,ZFHX3,0.006809159
NCOA3,ZFHX3,0.013918247
APEX1,COPS5,0.009317999
RBL2,COPS5,0.006256799
ZFP91,COPS5,0.0051982324
DAB2,COPS5,0.00741341
ETV3,COPS5,0.005025971
CXXC1,COPS5,0.0042765327
MLL3,COPS5,0.0043206243
CNOT2,COPS5,0.0046351994
HIF1A,COPS5,0.011791837
CNOT8,COPS5,0.005961207
SFPQ,STAT1,0.012167488
BUB3,STAT1,0.010520287
AIP,STAT1,0.008314245
WHSC1L1,STAT1,0.011408672
FOSB,STAT1,0.023534656
EGR2,STAT1,0.02434589
STAT6,STAT1,0.019917086
FUBP3,STAT1,0.009442982
NONO,STAT1,0.013752264
TOP2B,STAT1,0.009858455
TGIF1,CAPZA2,0.8174033
CEBPA,CAPZA2,0.8096371
CEBPA,FAM96A,0.21487121
STAT3,RPS27L,0.5832435
ZFX,RPS27L,0.570228
TGIF1,RPL7,0.78853565
ZFX,D8ERTD738E,0.71437323
FOS,SLAMF9,0.75421536
JUNB,SLAMF9,0.75856584
JUN,SLAMF9,0.7481228
FOSB,SLAMF9,0.7520648
AHR,HMGN2,0.26440927
CEBPA,HMGN2,0.26839483
MCM5,JUNB,0.01167331
POLR2B,JUNB,0.007761905
POLR2F,JUNB,0.024872106
BTF3,JUNB,0.023109535
CSDA,JUNB,0.010745705
CBX3,JUNB,0.012251947
HMGB2,JUNB,0.013959535
HDAC1,JUNB,0.022713095
KPNA2,JUNB,0.011485708
HCLS1,JUNB,0.017321777
RELA,CXCL1,0.7135227
NFKB1,CXCL1,0.714923
MYD88,CXCL1,0.69009805
JUN,CXCL1,0.7028668
REL,CXCL1,0.71093225
NFKBIZ,CXCL1,0.6499137
KPNA2,GTF2I,0.006492175
POLR2K,GTF2I,0.010612087
MATR3,GTF2I,0.00848753
MLL2,GTF2I,0.0065034097
IRF1,GTF2I,0.013749289
MYEF2,GTF2I,0.00569234
TGIF1,GTF2I,0.014066491
HIF1A,GTF2I,0.013403828
NONO,GTF2I,0.007738463
CBX3,GTF2I,0.0069274465
MED27,FABP4,0.45493448
MED1,FABP4,0.45372906
THRAP3,FABP4,0.43386456
CEBPA,FABP4,0.5141224
MED8,FABP4,0.40082297
NCOA3,FABP4,0.50719756
MED15,FABP4,0.4213731
IRF2,FABP4,0.5118855
MED21,FABP4,0.39302188
CTCF,6720456B07RIK,0.30717856
ZFX,6720456B07RIK,0.30412725
BACH1,SGK1,0.8439929
KLF4,SGK1,0.8436206
ZFX,SGK1,0.8418577
NR3C1,SGK1,0.84554875
CTCF,CHCHD2,0.8035542
APEX1,SUPT4H1,0.008982559
ARID1B,SUPT4H1,0.0039420356
MAPK3,SUPT4H1,0.0072171744
TRIM28,SUPT4H1,0.0062544695
HMG20A,SUPT4H1,0.005150387
CXXC1,SUPT4H1,0.0041147745
RAD51,SUPT4H1,0.0050263577
HIST1H1C,SUPT4H1,0.0037938915
KPNA2,SUPT4H1,0.005499415
ARL6IP5,SUPT4H1,0.0045769913
SNRPB,SMARCA5,0.008798758
HHEX,SMARCA5,0.0069715856
HMG20B,SMARCA5,0.004365222
CEBPA,SMARCA5,0.014511945
HNRNPK,SMARCA5,0.009782421
RUVBL2,SMARCA5,0.0076061063
ID3,SMARCA5,0.008470024
AIP,SMARCA5,0.005082269
ATF6,SMARCA5,0.008696198
POLR3K,SMARCA5,0.00822465
ZFX,PSMA5,0.4241705
BACH1,PSMA5,0.43185025
CTCF,KRTCAP2,0.28707948
TCEB3,HHEX,0.0073342915
RBBP4,HHEX,0.0074339896
CENPB,HHEX,0.00497843
TCEB2,HHEX,0.010344981
NCOA4,HHEX,0.006466151
NR4A1,HHEX,0.0062992526
FOXJ3,HHEX,0.0056131147
MED27,HHEX,0.010305957
FUBP3,HHEX,0.0054540136
ATF4,HHEX,0.00778854
STAT1,EWSR1,0.012482126
TNFAIP3,EWSR1,0.00906895
MEF2A,EWSR1,0.012536772
ZFP91,EWSR1,0.005447262
ID2,EWSR1,0.010767401
HMG20A,EWSR1,0.005603608
KPNA2,EWSR1,0.0059806677
CTCFL,EWSR1,0.0039686416
TCERG1,EWSR1,0.005529527
GTF2F1,EWSR1,0.0071446286
TIAL1,NFAT5,0.0041338424
MED8,NFAT5,0.0069683343
BTF3,NFAT5,0.011834197
ZFP36L1,NFAT5,0.007305146
NSD1,NFAT5,0.0068190405
DEK,NFAT5,0.007076774
BTG2,NFAT5,0.006673965
SSB,NFAT5,0.0091314595
TCERG1,NFAT5,0.0054085
SRSF3,NFAT5,0.0077149263
TOP2B,ILK,0.0064919717
BTG2,ILK,0.008687714
NAP1L4,ILK,0.008267551
PHB2,ILK,0.0060718595
BCLAF1,ILK,0.0077532586
HMGA1,ILK,0.0057699597
SUZ12,ILK,0.005994167
NFE2L2,ILK,0.014761836
TSG101,ILK,0.015272548
MLL2,ILK,0.007632911
CNOT6L,MDM2,0.0063788574
TNFAIP3,MDM2,0.007874546
EGR1,MDM2,0.011079995
PER1,MDM2,0.0057640737
FOSB,MDM2,0.0106508825
MCM7,MDM2,0.006545041
TARDBP,MDM2,0.0045971135
CTNNB1,MDM2,0.010573068
ARL6IP5,MDM2,0.0043246862
FUBP3,MDM2,0.004230384
REL,H2-EB1,0.8896606
ZFX,LAMP1,0.8106808
MEF2A,CRIPT,0.89688677
STAT1,ATP5H,0.61270016
STAT6,ATP5H,0.5777342
STAT3,ATP5H,0.6133962
IRF1,H3F3B,0.30354688
IRF2,H3F3B,0.29412004
KLF4,POLR2F,0.023546217
IRF4,POLR2F,0.017776303
PBRM1,POLR2F,0.010851432
NFKB1,POLR2F,0.024956968
EHMT1,POLR2F,0.008493178
AKT1,POLR2F,0.010253038
MCM3,POLR2F,0.01131633
GATAD2A,POLR2F,0.010984932
MATR3,POLR2F,0.015292337
KDM5C,POLR2F,0.008098838
SFPI1,CD14,0.49411067
JUN,CD14,0.53656906
CEBPA,CD14,0.54023176
NFKB1,CD14,0.55100614
SP1,CD14,0.5426658
RELA,CD14,0.54928255
ZFX,SNX2,0.8793078
MEF2A,NDUFA2,0.7214806
ZFX,NDUFA2,0.71394694
BACH1,HN1,0.78433853
SUPT16H,SUZ12,0.006322124
DNMT3A,SUZ12,0.0080089625
NME2,SUZ12,0.006553406
NFX1,SUZ12,0.005028898
CNOT6L,SUZ12,0.006339213
POLR2B,SUZ12,0.003478234
TARBP2,SUZ12,0.003437563
DNAJC2,SUZ12,0.0051486255
GTF2A1,SUZ12,0.0073044403
SKIL,SUZ12,0.0071330294
KLF4,RPS10,0.7561101
CTCF,RPS10,0.7543569
NFKB1,CCL4,0.9027359
FOS,CCL4,0.9014022
IRF5,CCL4,0.90478593
JUN,CCL4,0.9026842
RELA,CCL4,0.90372133
CTCF,H2-T23,0.83736277
SRSF3,PCBD2,0.0071365046
CHD1,PCBD2,0.005156868
ZFP36,PCBD2,0.00782796
CNOT6,PCBD2,0.004711781
AIP,PCBD2,0.0038789527
CSDA,PCBD2,0.005054626
RBM39,PCBD2,0.0048498698
RELA,PCBD2,0.011389175
EHMT2,PCBD2,0.0052061267
WBP11,PCBD2,0.0060808933
CEBPA,NONO,0.015028802
IVNS1ABP,NONO,0.005700775
MAPK3,NONO,0.009606739
ATF2,NONO,0.008668618
MED27,NONO,0.0113038905
ZFX,NONO,0.014437462
TSC22D4,NONO,0.0064897886
MDM2,NONO,0.0058741365
KLF13,NONO,0.007806284
MCM3,NONO,0.007072453
MCM7,EIF3E,0.89107835
EIF5B,EIF3E,0.89588785
KLF4,EIF3E,0.8967899
ZFX,EIF3E,0.89656126
KLF4,ANXA5,0.4821767
BTF3,TLR4,0.012932537
NFE2L2,TLR4,0.012411792
AGAP3,TLR4,0.0058123306
MCM5,TLR4,0.0065045864
ZMYND11,TLR4,0.004613437
RNF4,TLR4,0.005112732
TOB1,TLR4,0.006642129
MKL2,TLR4,0.007279099
SMARCA4,TLR4,0.007258437
SNAPC5,TLR4,0.006666988
AES,POLR2C,0.006308778
SUB1,POLR2C,0.0052416404
CTCFL,POLR2C,0.004184552
EWSR1,POLR2C,0.0060405987
MCM5,POLR2C,0.006408826
NOTCH2,POLR2C,0.005700156
MEF2A,POLR2C,0.0132086435
BUB3,POLR2C,0.005730154
GTF2B,POLR2C,0.008096725
TCERG1,POLR2C,0.0058298707
SRSF6,CDC5L,0.010483837
TCF7L2,CDC5L,0.011085828
LASS2,CDC5L,0.010486399
TCEB3,CDC5L,0.0096772695
RAD51,CDC5L,0.008076024
UBE2K,CDC5L,0.007255826
MED21,CDC5L,0.01007258
HMGA1,CDC5L,0.006682866
KLF13,CDC5L,0.009396349
RBBP4,CDC5L,0.009808502
CREBBP,SKIL,0.017042201
SMARCA5,SKIL,0.009214532
RBBP4,SKIL,0.009222841
MAPK3,SKIL,0.010864748
HSBP1,SKIL,0.011935034
BCLAF1,SKIL,0.008436216
DAB2,SKIL,0.01075804
RFX7,SKIL,0.008892956
HDGF,SKIL,0.012127886
CEBPA,SKIL,0.016984656
NME2,YEATS4,0.0074443417
RBBP4,YEATS4,0.006525392
CNOT8,YEATS4,0.0061257184
MYEF2,YEATS4,0.0051410254
TOB1,YEATS4,0.0060869134
SUPT16H,YEATS4,0.007181844
ZFP148,YEATS4,0.0048537077
ZEB2,YEATS4,0.0061627417
YEATS4,YEATS4,0.0052036922
POLR2G,YEATS4,0.012218361
KDM5A,HNRNPK,0.0074478965
HSBP1,HNRNPK,0.012626109
SKI,HNRNPK,0.0073469426
CENPB,HNRNPK,0.0065426854
KDM6B,HNRNPK,0.008875578
DPF2,HNRNPK,0.0096729435
MATR3,HNRNPK,0.0114565315
HAX1,HNRNPK,0.009193502
NCOA3,HNRNPK,0.018072454
SFPI1,HNRNPK,0.013891499
ZFX,MYEOV2,0.33687264
ETS2,BTF3,0.011461042
NAP1L4,BTF3,0.011430586
RUNX1,BTF3,0.009727333
SUB1,BTF3,0.008758311
MAPK1,BTF3,0.015879506
SF1,BTF3,0.017448068
GATAD2A,BTF3,0.009859911
HHEX,BTF3,0.010367374
CTNNB1,BTF3,0.021331977
RBL2,BTF3,0.011542524
ZFX,PSMB6,0.62902564
ZFX,RPS20,0.42370427
MED1,PLIN2,0.42820466
NFKB1,PLIN2,0.4991002
NCOA3,PLIN2,0.48131555
KLF4,PLIN2,0.4856533
JUN,PLIN2,0.48455542
CHD7,HIF1A,0.00950102
AGAP3,HIF1A,0.010467971
MATR3,HIF1A,0.015024392
NR4A1,HIF1A,0.010858681
YBX1,HIF1A,0.013742527
POLR2C,HIF1A,0.011817948
DNMT1,HIF1A,0.018483508
CREM,HIF1A,0.010720902
CTCFL,HIF1A,0.0076624695
KPNA2,HIF1A,0.011521115
CTCF,RPL24,0.8221069
MED15,LPL,0.8355203
MED1,LPL,0.8452096
CTCF,LPL,0.8585334
MED21,LPL,0.8200625
NCOA3,LPL,0.8548938
FOS,LPL,0.8591498
MED27,LPL,0.8471185
SP1,LPL,0.8588479
TOX4,PPP1CA,0.8989697
ID2,PPP1CA,0.91359776
WBP11,PPP1CA,0.90407556
ATF4,PPP1CA,0.9094884
ATF2,PPP1CA,0.90738684
HDAC1,PPP1CA,0.9103212
TRP53,PPP1CA,0.9087271
CREB3,PPP1CA,0.90914536
CTCF,CAPG,0.53169733
BACH1,IL1RN,0.6126457
NFKB1,IL1RN,0.62361395
NFE2L2,IL1RN,0.61119574
NR3C1,TGIF1,0.02402489
EWSR1,TGIF1,0.011245144
CENPB,TGIF1,0.008745793
HDAC1,TGIF1,0.023190072
CREM,TGIF1,0.010915025
KLF6,TGIF1,0.012761362
AIP,TGIF1,0.008432826
SUPT6H,TGIF1,0.00953613
SFPI1,TGIF1,0.018534824
HSBP1,TGIF1,0.01687729
TRP53,RPLP2,0.7186522
PER1,FXYD5,0.75119966
CEBPA,ARF4,0.68564683
AHR,ARF4,0.6811671
ZFX,PSMA2,0.83636475
SRSF1,CREBBP,0.009869301
ELF2,CREBBP,0.0067130234
STAT6,CREBBP,0.019858465
XBP1,CREBBP,0.0105118165
IRF4,CREBBP,0.017472396
CTNNB1,CREBBP,0.023297464
EHMT2,CREBBP,0.011107553
SRRM1,CREBBP,0.010213329
IVNS1ABP,CREBBP,0.008977508
KHDRBS1,CREBBP,0.008530079
CEBPA,4933434E20RIK,0.6970934
AHR,4933434E20RIK,0.6927036
MEF2A,4933434E20RIK,0.69775605
ZFX,4933434E20RIK,0.68985647
ZFX,TREX1,0.90567255
BACH1,TREX1,0.9053677
CTCF,TREX1,0.90515673
SFPI1,RNPS1,0.0089188535
SNRPB,RNPS1,0.0069945324
SRSF3,RNPS1,0.0074164
PER1,RNPS1,0.006238926
GTF2A1,RNPS1,0.007954545
MED15,RNPS1,0.007254023
SSRP1,RNPS1,0.00475351
ID3,RNPS1,0.006732746
CREB3,RNPS1,0.0070339553
RBL2,RNPS1,0.0061616935
UPF1,RPL5,0.47618997
EIF5B,RPL5,0.4799135
BTF3,RPL5,0.48938996
CTCF,RPL5,0.47465616
HDAC1,HCLS1,0.017336117
MITF,HCLS1,0.008492564
SRSF1,HCLS1,0.007476755
SRSF2,HCLS1,0.013488889
AIP,HCLS1,0.006276936
IVNS1ABP,HCLS1,0.0067996373
ZFP36,HCLS1,0.012627095
PREB,HCLS1,0.0071506454
SMAD4,HCLS1,0.008251669
DEK,HCLS1,0.010567822
CEBPA,ATP5G1,0.19323866
STAT6,PFN1,0.5525325
AHR,PFN1,0.5791893
KLF4,PFN1,0.581637
TRP53,PFN1,0.59677047
TGIF1,PFN1,0.6001473
MEF2A,PFN1,0.58498234
TSC22D4,FOXN2,0.0059822523
TNFAIP3,FOXN2,0.010233783
UBTF,FOXN2,0.0064362907
IRF1,FOXN2,0.014297011
POLR2H,FOXN2,0.0073093977
MCM5,FOXN2,0.0068667494
LASS5,FOXN2,0.00549977
TAX1BP3,FOXN2,0.008136372
SUPT16H,FOXN2,0.008271422
TAF12,FOXN2,0.0078121517
CTCF,FABP5,0.5048929
JMJD1C,ATF6,0.0060776114
ASH1L,ATF6,0.0068598497
EDF1,ATF6,0.013142165
DEK,ATF6,0.0094686
UBE2K,ATF6,0.0064425822
KHDRBS1,ATF6,0.005791833
GATAD2A,ATF6,0.007339876
TCERG1,ATF6,0.00724873
ID2,ATF6,0.014065684
IRF1,ATF6,0.016548652
ZFP36,DUSP1,0.7477984
STAT1,DUSP1,0.79922456
TRP53,DUSP1,0.80425
NFKB1,DUSP1,0.80278116
FOS,DUSP1,0.79915905
NCOA4,MED8,0.007206474
NFE2L2,MED8,0.014439735
STAT3,MED8,0.015489135
TCOF1,MED8,0.0072768424
TAF9,MED8,0.012118281
EHMT2,MED8,0.0071771736
PHB2,MED8,0.0059367563
POLR2I,MED8,0.0142732365
HIST1H1C,MED8,0.0051526134
SRSF1,MED8,0.006374057
TCEB1,TNF,0.014526987
SMARCB1,TNF,0.015403205
PAPOLA,TNF,0.008975383
RBPJ,TNF,0.01932028
MED8,TNF,0.011525379
BACH1,TNF,0.019680269
NFKBIZ,TNF,0.013763107
NFE2L2,TNF,0.018751107
SNAPC5,TNF,0.0100913765
APEX1,TNF,0.015763316
HBP1,REL,0.012561589
ATF4,REL,0.013140099
CBX3,REL,0.012036864
TNF,REL,0.013521001
TFDP1,REL,0.008156615
SNAPC5,REL,0.011753542
SSRP1,REL,0.00955091
YBX1,REL,0.013460777
TRP53,REL,0.023863519
TCEB1,REL,0.016877819
SND1,CNOT2,0.0074996236
SMARCB1,CNOT2,0.008466588
SMARCA4,CNOT2,0.006027474
MEF2A,CNOT2,0.011132365
UPF1,CNOT2,0.010714901
SSRP1,CNOT2,0.0044870917
DNMT1,CNOT2,0.0085555315
RUNX1,CNOT2,0.0049022967
ATF6,CNOT2,0.006529446
HDGF,CNOT2,0.0077780373
POLR2G,RPLP0,0.81026155
CTCF,RPLP0,0.8058427
POLR2F,RPLP0,0.81738305
EIF5B,RPLP0,0.80835503
UPF1,RPLP0,0.8068067
ZFX,RPLP0,0.8040109
SSRP1,AFF4,0.005082587
TUBA1A,AFF4,0.005181283
HNRNPD,AFF4,0.009290264
POLR3K,AFF4,0.0069862315
SIN3B,AFF4,0.007908754
ARID1A,AFF4,0.010018327
SUPT16H,AFF4,0.0073579885
RNF4,AFF4,0.004800734
LMO4,AFF4,0.0055833557
HCLS1,AFF4,0.009090341
CTCF,RNH1,0.15281394
RNPS1,PBRM1,0.0051007615
CSDE1,PBRM1,0.008597862
CNOT6L,PBRM1,0.0073701576
MCM3,PBRM1,0.0057908334
FUBP3,PBRM1,0.0048946217
RNF4,PBRM1,0.0047937995
POLR2K,PBRM1,0.009810289
BUB3,PBRM1,0.0054554516
EIF5B,PBRM1,0.012411037
HIST1H1C,PBRM1,0.0041478565
NFAT5,SP1,0.01071941
HNRNPAB,SP1,0.012055278
YBX1,SP1,0.014238238
MYEF2,SP1,0.010467481
TCF12,SP1,0.009442031
RBL2,SP1,0.013062164
MED21,SP1,0.013612791
JUNB,SP1,0.02493884
SRSF9,SP1,0.01510348
MAPK3,SP1,0.015603206
JUN,CTSL,0.72444373
ZFX,CTSL,0.7205463
SP1,CTSL,0.72928697
EGR2,CTSL,0.73738885
EGR1,CTSL,0.7353648
POLR2F,RPL23,0.28559712
ZFX,RPL23,0.26388314
EIF5B,RPL23,0.27082682
UPF1,RPL23,0.26788995
KLF4,RPL23,0.26852793
NFKB1,IL1R2,0.9027315
RELA,IL1R2,0.9037218
AHR,KHDRBS1,0.01045445
GTF2A1,KHDRBS1,0.0071199755
TRERF1,KHDRBS1,0.004706985
NFKBIA,KHDRBS1,0.008719582
CIITA,KHDRBS1,0.0047373353
MCM5,KHDRBS1,0.0051122955
NME2,KHDRBS1,0.006387785
SNRPB,KHDRBS1,0.0062600463
IRF4,KHDRBS1,0.007656533
MED1,KHDRBS1,0.007884685
RBPJ,TYROBP,0.40417713
HCLS1,TYROBP,0.3583789
HSBP1,CSDE1,0.011507709
RUVBL2,CSDE1,0.0085916
BUB3,CSDE1,0.00725887
DEK,CSDE1,0.009666035
CREB3,CSDE1,0.009993544
TCF7L2,CSDE1,0.010051481
MCM6,CSDE1,0.010179911
CHD4,CSDE1,0.007765542
CSDA,CSDE1,0.007466557
NR3C1,CSDE1,0.016441599
TUBA1A,FOS,0.01032327
MCM7,FOS,0.015026409
STAT6,FOS,0.020587921
ATF4,FOS,0.013924465
CENPB,FOS,0.008920105
CTCF,FOS,0.023914222
MCM4,FOS,0.010089382
RDBP,FOS,0.011696873
KDM5A,FOS,0.010150783
NFKBIZ,FOS,0.016940402
RELA,S100A6,0.884871
CTCF,S100A6,0.88271874
KLF4,S100A6,0.8834636
TRP53,S100A6,0.8854587
CREBBP,LDHA,0.63457125
HIF1A,LDHA,0.63599926
HNRNPD,LDHA,0.57822615
JUN,LDHA,0.6292733
STAT3,RPL26,0.71929055
CTCF,RPL26,0.71135503
STAT1,RPL26,0.7187013
STAT6,RPL26,0.68828416
NCOA4,SFPQ,0.006230043
TRP53,SFPQ,0.013716073
MCM6,SFPQ,0.008214606
KDM2B,SFPQ,0.007393059
SNAPC5,SFPQ,0.0067162164
TCOF1,SFPQ,0.0062909364
MYEF2,SFPQ,0.005647588
ZEB2,SFPQ,0.0067743594
NCOR2,SFPQ,0.005675354
ATF4,SFPQ,0.0075174514
STAT1,UQCRH,0.6031801
ZFX,UQCRH,0.5910621
TGIF1,RPS25,0.59233785
MEF2A,RPS25,0.57708514
KLF4,GM2A,0.836287
PER1,AHR,0.013403059
MLL3,AHR,0.009174467
SMARCE1,AHR,0.008483346
FOXN2,AHR,0.0130364075
TRPS1,AHR,0.008475556
TAF6,AHR,0.009171091
TOX4,AHR,0.010421131
HMGA1,AHR,0.009171057
ZMYM2,AHR,0.010074296
TARBP2,AHR,0.008097131
CTCF,UQCR11,0.6650581
AHR,UQCR11,0.6648308
EDF1,UQCR11,0.6303695
POLR2I,UQCR11,0.6513902
FOS,ANXA3,0.50617176
JUNB,ANXA3,0.5120137
KLF4,ANXA3,0.49910966
JUN,ANXA3,0.4980109
FOSB,ANXA3,0.50328565
AFF4,HCFC1,0.006794268
GTF2F1,HCFC1,0.008926735
SFPI1,HCFC1,0.01185173
EHMT1,HCFC1,0.005418143
HMG20B,HCFC1,0.0046180533
SIRT7,HCFC1,0.006539302
TOP2B,HCFC1,0.006378606
ZFP148,HCFC1,0.006198833
POLR2D,HCFC1,0.010113451
SUPT5H,HCFC1,0.0054740203
JUN,H2-DMA,0.5549509
STAT3,H2-DMA,0.5633165
ZFX,H2-DMA,0.5501587
BACH1,H2-DMA,0.55790937
KLF4,H2-DMA,0.5560362
EGR2,H2-DMA,0.5710693
EGR1,H2-DMA,0.5685222
